symbol,near,frac,P,pf_all,trades_all,pf_fwd,ci_low,ci_high,trades_fwd,wins_fwd,pf_fwd_c0,n_c0,pf_fwd_c1,n_c1,pf_fwd_c2,n_c2
BNB,0.05,0.75,10,0.7182,375,0.9478,0.4374,1.666,49,13,0.0,1,1.0397,46,0.0,2
BNB,0.03,0.75,10,0.5971,356,0.7199,0.3464,1.3148,50,11,0.0,2,0.7044,46,3.7523,2
BNB,0.07,0.75,10,0.8602,341,0.7874,0.2543,1.5257,39,8,0.0,1,0.8725,36,0.0,2
BNB,0.05,0.9,10,0.8607,345,1.0257,0.4416,2.0349,41,10,0.0,0,1.0708,39,0.0,2
BNB,0.05,1.0,10,0.8777,328,1.3458,0.6349,2.5598,43,11,0.0,0,1.2593,40,4.4052,3
BNB,0.05,0.75,30,0.6158,316,0.9367,0.4287,1.6624,47,13,0.0,1,0.8995,43,4.6622,3
BNB,0.05,0.75,50,0.6641,270,0.7735,0.3728,1.4195,49,11,0.0,1,0.7262,45,4.6622,3
BTC,0.05,0.75,10,0.8557,302,1.1243,0.5281,2.1545,42,11,1.0277,10,1.0978,25,1.4248,7
BTC,0.03,0.75,10,0.8879,314,1.1692,0.5727,2.1772,50,14,1.2437,14,1.3552,27,0.502,9
BTC,0.07,0.75,10,0.8858,267,1.159,0.4829,2.44,35,10,1.2368,9,0.6708,19,4.5082,7
BTC,0.05,0.9,10,0.8581,267,0.9921,0.3217,1.9106,40,8,1.2692,10,0.8874,24,1.279,6
BTC,0.05,1.0,10,0.8778,254,0.9712,0.3712,1.9622,40,7,1.3158,8,0.8735,26,1.1883,6
BTC,0.05,0.75,30,0.7454,259,1.2118,0.6207,2.2216,50,15,0.273,11,1.5836,30,0.9613,9
BTC,0.05,0.75,50,0.6762,239,1.0085,0.5226,1.8132,53,15,0.2117,12,1.3471,33,0.9005,8
ETH,0.05,0.75,10,0.6866,461,0.7312,0.3791,1.1949,69,17,5.0,2,0.0,3,0.6792,64
ETH,0.03,0.75,10,0.6719,416,1.0247,0.5677,1.7336,69,19,5.0,1,2.0981,4,0.9173,64
ETH,0.07,0.75,10,0.9016,414,1.1858,0.6799,2.0119,64,21,5.0,2,0.6743,3,1.1163,59
ETH,0.05,0.9,10,0.7407,411,0.9067,0.4847,1.5515,64,15,5.0,2,0.0,3,0.8351,59
ETH,0.05,1.0,10,0.7391,385,0.6923,0.3147,1.2587,60,10,5.0,2,0.0,3,0.586,55
ETH,0.05,0.75,30,0.6561,367,0.7016,0.3848,1.1994,60,16,3.0743,2,0.0,3,0.6985,55
ETH,0.05,0.75,50,0.6009,359,0.7457,0.3796,1.2468,62,17,3.0743,2,0.0,3,0.7465,57
XRP,0.05,0.75,10,0.7036,394,0.4995,0.2953,0.8047,77,21,1.8193,15,0.3876,47,0.3472,15
XRP,0.03,0.75,10,0.5302,353,0.3649,0.1828,0.5979,73,16,1.1883,12,0.2874,50,0.243,11
XRP,0.07,0.75,10,0.8922,392,0.6019,0.3402,0.9587,75,23,2.3459,13,0.4115,46,0.7413,16
XRP,0.05,0.9,10,0.6649,334,0.3683,0.1504,0.6419,64,11,2.1681,11,0.1617,40,0.4735,13
XRP,0.05,1.0,10,0.6889,316,0.4089,0.1862,0.7414,61,10,2.949,9,0.1965,39,0.5284,13
XRP,0.05,0.75,30,0.5728,331,0.4739,0.2734,0.796,66,21,2.3185,13,0.31,40,0.3646,13
XRP,0.05,0.75,50,0.5016,290,0.519,0.3023,0.8793,63,22,1.7391,10,0.4187,42,0.4195,11
SOL,0.05,0.75,10,0.8287,460,1.095,0.6715,1.7244,88,26,0.7811,33,1.6538,41,0.3595,14
SOL,0.03,0.75,10,0.8586,428,0.9542,0.5757,1.514,88,25,0.9228,35,1.228,39,0.3595,14
SOL,0.07,0.75,10,0.9253,417,1.1663,0.6047,1.9057,69,17,1.0485,25,1.6854,30,0.2975,14
SOL,0.05,0.9,10,0.8886,415,1.1403,0.639,1.7989,81,22,0.9818,32,1.4674,36,0.5866,13
SOL,0.05,1.0,10,0.905,383,1.2932,0.7288,2.1317,77,19,1.1395,30,1.4483,36,1.0848,11
SOL,0.05,0.75,30,0.7353,368,1.027,0.5948,1.6127,77,24,0.9338,31,1.1961,39,0.5291,7
SOL,0.05,0.75,50,0.6963,334,0.9744,0.5712,1.596,72,21,0.8524,29,1.163,36,0.5291,7
TRX,0.05,0.75,10,0.7148,344,0.5664,0.236,1.2272,28,8,0.0626,8,0.2381,10,2.0799,10
TRX,0.03,0.75,10,0.6996,302,0.2851,0.0475,0.6415,25,5,0.157,7,0.3942,8,0.2716,10
TRX,0.07,0.75,10,0.793,318,0.7969,0.2696,2.0491,22,7,0.109,6,0.2828,6,2.5249,10
TRX,0.05,0.9,10,0.8344,301,0.562,0.1194,1.4699,21,4,0.0,7,0.2173,9,2.8727,5
TRX,0.05,1.0,10,0.7744,282,0.5323,0.0,1.616,19,2,0.0,7,0.0,7,3.3523,5
TRX,0.05,0.75,30,0.7529,276,0.2953,0.082,0.7219,26,6,0.0565,9,0.37,7,0.3976,10
TRX,0.05,0.75,50,0.6811,256,0.1859,0.0,0.5359,24,3,0.0,9,0.3021,5,0.2498,10
DOGE,0.05,0.75,10,0.7627,422,0.5852,0.3459,0.9217,92,20,0.3732,22,0.7774,60,0.0,10
DOGE,0.03,0.75,10,0.6661,357,0.5872,0.3448,0.9335,87,20,0.5009,21,0.7291,57,0.0,9
DOGE,0.07,0.75,10,0.8166,392,0.5138,0.2835,0.8463,83,18,0.4588,20,0.6181,54,0.0,9
DOGE,0.05,0.9,10,0.907,367,0.64,0.356,1.0418,89,18,0.5392,22,0.7669,57,0.0415,10
DOGE,0.05,1.0,10,1.0103,329,0.5627,0.2582,0.9949,79,12,0.4965,21,0.6734,49,0.083,9
DOGE,0.05,0.75,30,0.7816,349,0.5495,0.2979,0.9289,73,18,0.2864,18,0.7607,48,0.0,7
DOGE,0.05,0.75,50,0.7002,313,0.4565,0.2459,0.7792,70,18,0.2195,17,0.636,46,0.0,7
ADA,0.05,0.75,10,0.7079,506,0.9101,0.5285,1.4697,88,23,0.7922,57,1.4508,24,0.5835,7
ADA,0.03,0.75,10,0.6909,462,1.08,0.6426,1.75,81,25,0.9481,55,1.1574,23,4.6672,3
ADA,0.07,0.75,10,0.7553,477,0.8802,0.5234,1.4061,80,21,0.8612,51,1.0254,22,0.5835,7
ADA,0.05,0.9,10,0.7695,461,1.0529,0.6273,1.6777,81,21,0.9067,52,1.8484,23,0.1944,6
ADA,0.05,1.0,10,0.7832,429,1.077,0.6223,1.7591,76,20,0.7827,48,2.4715,22,0.33,6
ADA,0.05,0.75,30,0.6709,417,0.776,0.429,1.2463,75,22,0.7225,47,0.7972,24,4.4717,4
ADA,0.05,0.75,50,0.6863,377,0.6983,0.3849,1.1908,67,19,0.5354,41,1.0457,24,5.0,2
BCH,0.05,0.75,10,1.0483,358,1.3802,0.7818,2.3206,62,26,2.0062,13,0.0,6,1.5609,43
BCH,0.03,0.75,10,1.0512,308,1.372,0.7771,2.3067,62,26,1.1445,11,0.3538,6,1.627,45
BCH,0.07,0.75,10,0.9936,337,1.6481,0.9918,2.8449,59,26,2.0062,13,0.0,5,1.8706,41
BCH,0.05,0.9,10,1.1284,310,1.258,0.6621,2.1518,54,19,2.2907,10,0.0,6,1.3719,38
BCH,0.05,1.0,10,1.0703,281,1.6053,0.8512,2.7992,51,20,2.3704,10,0.0049,6,1.8403,35
BCH,0.05,0.75,30,1.0148,304,1.3843,0.788,2.3096,63,26,1.7656,11,0.0,5,1.5913,47
BCH,0.05,0.75,50,0.8517,277,1.2929,0.7749,2.1688,63,24,2.6534,11,0.0,5,1.3789,47
LINK,0.05,0.75,10,1.0486,534,1.08,0.676,1.6582,106,30,0.8148,63,1.1982,31,3.4487,12
LINK,0.03,0.75,10,0.9544,459,1.2013,0.7199,1.8296,96,28,1.0289,59,0.7126,26,5.3121,11
LINK,0.07,0.75,10,1.0859,492,0.9754,0.6101,1.5133,91,27,0.7603,59,1.5192,25,2.0849,7
LINK,0.05,0.9,10,1.1447,478,1.4013,0.8706,2.1647,96,26,1.0832,59,1.4185,25,4.3107,12
LINK,0.05,1.0,10,1.2039,445,1.5526,0.8854,2.3979,91,22,1.3247,57,1.6646,23,2.6537,11
LINK,0.05,0.75,30,0.8141,412,1.0554,0.6652,1.6408,88,28,0.8083,56,0.951,21,3.8512,11
LINK,0.05,0.75,50,0.7062,359,0.7864,0.4587,1.2249,80,24,0.5334,53,1.0691,18,2.5949,9
XLM,0.05,0.75,10,0.7039,454,0.3392,0.196,0.5394,101,22,0.6481,23,0.2426,62,0.6513,16
XLM,0.03,0.75,10,0.6457,384,0.3794,0.2095,0.5962,87,21,0.7308,19,0.2673,53,0.5803,15
XLM,0.07,0.75,10,0.7814,420,0.4642,0.2806,0.7347,89,25,0.8174,22,0.3682,55,0.6537,12
XLM,0.05,0.9,10,0.7101,406,0.3451,0.1826,0.5709,89,14,0.7537,20,0.2826,56,0.2691,13
XLM,0.05,1.0,10,0.6928,377,0.2463,0.1151,0.4298,82,10,0.3965,18,0.2135,52,0.314,12
XLM,0.05,0.75,30,0.6746,389,0.3081,0.1817,0.487,90,20,0.7859,16,0.2554,60,0.2086,14
XLM,0.05,0.75,50,0.638,336,0.2347,0.1248,0.3928,83,17,0.5263,16,0.1926,52,0.1809,15
SUI,0.05,0.75,10,0.7831,197,0.47,0.1487,0.9373,35,8,0.0,1,1.3348,8,0.3887,26
SUI,0.03,0.75,10,0.823,173,0.3721,0.1075,0.8447,32,6,0.0,1,0.6353,7,0.3411,24
SUI,0.07,0.75,10,0.8885,187,0.3433,0.0981,0.795,30,6,0.0,1,1.1565,7,0.2442,22
SUI,0.05,0.9,10,0.7609,179,0.4217,0.123,0.9412,34,6,0.0,1,0.9072,7,0.3764,26
SUI,0.05,1.0,10,0.8572,169,0.5033,0.1468,1.1232,34,6,0.0,1,1.2279,7,0.4439,26
SUI,0.05,0.75,30,0.677,167,0.4459,0.1628,0.9766,30,7,0.0,1,1.6332,6,0.3508,23
SUI,0.05,0.75,50,0.597,150,0.7541,0.3168,1.5859,30,8,0.0,1,1.6332,6,0.6551,23
LTC,0.05,0.75,10,0.8743,451,0.8801,0.5223,1.4464,69,22,0.914,61,0.0,3,1.1613,5
LTC,0.03,0.75,10,0.8904,413,0.8927,0.5194,1.4793,69,21,0.8521,61,0.0,3,2.3527,5
LTC,0.07,0.75,10,0.9532,425,0.8881,0.4979,1.463,58,21,0.9011,49,0.0,3,1.5283,6
LTC,0.05,0.9,10,1.0106,412,0.9427,0.4954,1.5638,61,18,0.9766,54,0.0,3,1.4037,4
LTC,0.05,1.0,10,1.039,388,0.8255,0.414,1.479,57,14,0.846,50,0.0,3,1.2569,4
LTC,0.05,0.75,30,0.785,372,0.7846,0.411,1.3076,60,18,0.8705,53,0.0,3,0.414,4
LTC,0.05,0.75,50,0.6815,342,0.7728,0.4186,1.354,55,16,0.7987,51,0.0,1,0.5843,3
AVAX,0.05,0.75,10,0.7045,429,0.4409,0.2382,0.7391,71,15,0.3907,31,0.29,27,1.2588,13
AVAX,0.03,0.75,10,0.7028,381,0.5174,0.2493,0.9226,64,13,0.2275,28,0.7431,24,1.3497,12
AVAX,0.07,0.75,10,0.856,411,0.7426,0.4082,1.2718,66,19,0.4953,30,0.8878,25,1.9488,11
AVAX,0.05,0.9,10,0.6418,377,0.5591,0.2891,0.956,71,14,0.4119,30,0.4327,30,1.8972,11
AVAX,0.05,1.0,10,0.6964,349,0.6406,0.2898,1.1563,69,12,0.5756,29,0.5691,30,1.1837,10
AVAX,0.05,0.75,30,0.5843,315,0.4815,0.231,0.8643,62,13,0.1396,27,0.66,25,2.1464,10
AVAX,0.05,0.75,50,0.5901,286,0.5095,0.2575,0.9014,60,14,0.1961,26,0.7468,25,1.6485,9
HBAR,0.05,0.75,10,0.8105,437,0.657,0.3633,1.0303,88,21,0.4612,36,1.0369,32,0.6913,20
HBAR,0.03,0.75,10,0.7378,375,0.4941,0.2612,0.8343,79,17,0.3306,34,0.6023,27,0.8291,18
HBAR,0.07,0.75,10,0.8639,409,0.7054,0.4043,1.1029,81,23,0.5793,38,1.1614,27,0.6461,16
HBAR,0.05,0.9,10,0.7808,371,0.5342,0.263,0.9228,77,13,0.2759,31,0.8723,28,0.8011,18
HBAR,0.05,1.0,10,0.7962,339,0.5935,0.2709,1.0571,75,12,0.2935,30,0.8926,27,1.076,18
HBAR,0.05,0.75,30,0.7183,371,0.507,0.2549,0.8269,75,16,0.3398,31,1.1531,27,0.3759,17
HBAR,0.05,0.75,50,0.7533,333,0.4244,0.2318,0.7003,78,15,0.3084,34,0.9075,28,0.2324,16
SHIB,0.05,0.75,10,0.5423,299,0.4221,0.2144,0.7412,62,14,0.2438,13,0.2153,12,0.5221,37
SHIB,0.03,0.75,10,0.6181,221,0.4095,0.1357,0.7684,46,8,0.6892,9,0.2315,10,0.4275,27
SHIB,0.07,0.75,10,0.5542,291,0.3381,0.1618,0.609,61,13,0.0919,13,0.2252,12,0.4485,36
SHIB,0.05,0.9,10,0.5172,255,0.5465,0.2603,0.9916,59,13,0.662,12,0.5393,11,0.5346,36
SHIB,0.05,1.0,10,0.5471,234,0.5308,0.2113,1.0281,52,9,0.7989,10,0.3132,8,0.5221,34
SHIB,0.05,0.75,30,0.5341,251,0.4717,0.2209,0.8796,53,13,0.2336,12,0.3194,10,0.609,31
SHIB,0.05,0.75,50,0.6239,236,0.3831,0.182,0.6979,58,13,0.2275,12,0.3194,10,0.4506,36
DOT,0.05,0.75,10,0.9731,343,0.8441,0.4585,1.3821,62,19,0.4318,25,1.152,31,0.4722,6
DOT,0.03,0.75,10,0.85,307,1.2109,0.6484,2.0195,58,19,0.5402,25,1.9792,28,0.8614,5
DOT,0.07,0.75,10,0.9903,313,0.9364,0.4832,1.5942,56,18,0.4591,22,1.1954,28,0.7494,6
DOT,0.05,0.9,10,0.9871,301,0.9599,0.4246,1.6593,58,12,0.4358,25,1.2248,27,1.2655,6
DOT,0.05,1.0,10,0.8804,278,0.9509,0.4636,1.7016,55,11,0.5576,25,1.235,26,0.5945,4
DOT,0.05,0.75,30,0.6727,273,0.5944,0.2526,1.0827,46,12,0.5745,20,0.7962,22,0.0,4
DOT,0.05,0.75,50,0.6326,247,0.6291,0.2717,1.1207,50,12,0.692,20,0.7863,26,0.0,4
UNI,0.05,0.75,10,0.9328,382,0.9192,0.4665,1.5431,61,17,7.0284,5,1.5083,26,0.2941,30
UNI,0.03,0.75,10,0.9471,339,1.0498,0.5724,1.8109,58,16,6.404,5,2.1559,22,0.322,31
UNI,0.07,0.75,10,0.9041,360,0.7617,0.3999,1.3405,57,15,5.2317,5,1.2308,24,0.2899,28
UNI,0.05,0.9,10,1.0705,339,1.0914,0.511,2.0353,53,13,21.0578,3,1.9092,21,0.2628,29
UNI,0.05,1.0,10,1.1404,318,1.1493,0.5531,2.0992,50,11,5.0,2,1.6336,19,0.3735,29
UNI,0.05,0.75,30,0.8326,283,0.8199,0.4031,1.5167,51,14,6.6204,5,1.0026,18,0.4846,28
UNI,0.05,0.75,50,0.8503,255,0.7675,0.3744,1.4391,49,14,5.4225,4,0.9508,16,0.5097,29
TAO,0.05,0.75,10,0.7237,187,0.6422,0.1107,1.3762,30,5,0.8764,13,0.7699,7,0.3509,10
TAO,0.03,0.75,10,0.8482,168,0.7392,0.2156,1.6497,34,6,0.7159,16,0.4102,6,0.9495,12
TAO,0.07,0.75,10,0.7847,175,0.9456,0.2648,2.2754,27,6,1.9129,14,0.4759,5,0.4117,8
TAO,0.05,0.9,10,0.8094,169,0.6432,0.0,1.8166,26,3,1.2098,13,0.0,5,0.6032,8
TAO,0.05,1.0,10,0.7544,156,0.5706,0.0,1.6404,25,2,0.8113,13,0.0,4,0.8345,8
TAO,0.05,0.75,30,0.6521,145,0.8107,0.3429,1.6834,31,8,1.4564,15,0.7699,7,0.2935,9
TAO,0.05,0.75,50,0.7649,133,1.0737,0.3778,2.2666,28,9,2.2776,14,1.3266,5,0.2931,9
AAVE,0.05,0.75,10,0.7614,424,0.9798,0.5289,1.6669,71,18,1.5241,17,1.135,25,0.506,29
AAVE,0.03,0.75,10,0.812,366,0.9445,0.528,1.5755,73,19,1.5441,16,1.0621,27,0.4893,30
AAVE,0.07,0.75,10,0.8095,404,0.7056,0.3632,1.1621,66,17,1.4131,19,0.2666,23,0.4798,24
AAVE,0.05,0.9,10,0.7445,376,1.0415,0.5567,1.7821,64,15,1.0137,14,1.1604,21,0.9607,29
AAVE,0.05,1.0,10,0.7658,346,1.0521,0.4755,1.9297,57,10,1.2304,13,1.6074,19,0.5875,25
AAVE,0.05,0.75,30,0.7408,333,0.7487,0.4128,1.2695,62,16,1.215,12,0.5625,24,0.7635,26
AAVE,0.05,0.75,50,0.8078,313,0.7356,0.389,1.2099,63,18,0.5261,11,0.4759,27,1.2839,25
NEAR,0.05,0.75,10,0.7481,480,0.7537,0.3853,1.3104,65,14,0.0,0,0.3921,20,0.8968,45
NEAR,0.03,0.75,10,0.7185,425,0.9041,0.445,1.5163,65,16,0.0,0,0.5588,17,0.9951,48
NEAR,0.07,0.75,10,0.7095,447,0.5846,0.2778,1.0651,58,13,0.0,0,0.8044,18,0.5335,40
NEAR,0.05,0.9,10,0.8736,438,0.9839,0.472,1.766,62,13,0.0,0,0.491,17,1.1197,45
NEAR,0.05,1.0,10,0.8816,412,0.9471,0.4237,1.7382,63,12,0.0,0,0.9248,17,0.9516,46
NEAR,0.05,0.75,30,0.6416,366,0.6411,0.2525,1.2627,48,9,0.0,0,0.6353,13,0.643,35
NEAR,0.05,0.75,50,0.5519,329,0.2403,0.0731,0.5,48,6,0.0,0,0.5161,12,0.1664,36
ICP,0.05,0.75,10,0.7558,330,0.7729,0.4186,1.3541,55,16,0.8452,38,0.2382,8,0.7785,9
ICP,0.03,0.75,10,0.765,283,1.3103,0.7217,2.3123,52,17,1.9307,33,0.3522,8,0.21,11
ICP,0.07,0.75,10,0.7814,305,0.6763,0.3478,1.2313,51,15,0.7003,34,0.2254,7,0.9035,10
ICP,0.05,0.9,10,0.844,294,1.1392,0.4919,2.0292,50,12,1.2684,34,0.5368,8,0.8526,8
ICP,0.05,1.0,10,0.8801,268,1.1889,0.4655,2.3649,46,9,1.364,31,0.0,7,1.0429,8
ICP,0.05,0.75,30,0.5999,286,0.6215,0.29,1.0759,52,13,0.7228,36,0.3054,6,0.321,10
ICP,0.05,0.75,50,0.5713,260,0.6977,0.3403,1.3081,49,14,0.7337,35,0.7371,5,0.4779,9
ETC,0.05,0.75,10,0.807,449,0.4701,0.2668,0.7304,88,22,0.3399,40,0.9651,18,0.5206,30
ETC,0.03,0.75,10,0.7913,375,0.5894,0.3453,0.9128,82,24,0.5509,44,0.7746,19,0.5397,19
ETC,0.07,0.75,10,0.8316,439,0.596,0.3371,0.9772,79,19,0.6599,34,0.6887,17,0.4413,28
ETC,0.05,0.9,10,0.8186,388,0.3969,0.2006,0.6441,78,16,0.4576,39,0.4963,14,0.2151,25
ETC,0.05,1.0,10,0.8061,361,0.4015,0.1825,0.7197,72,12,0.3756,35,0.681,14,0.3002,23
ETC,0.05,0.75,30,0.6261,378,0.4861,0.2687,0.7806,75,22,0.321,39,1.0137,14,0.7304,22
ETC,0.05,0.75,50,0.5467,348,0.5297,0.3009,0.8382,77,23,0.3929,41,1.0334,16,0.7084,20
ONDO,0.05,0.75,10,0.3245,51,0.6873,0.0,1.8901,14,3,0.9218,6,5.0,1,0.0,7
ONDO,0.03,0.75,10,0.4061,47,0.4884,0.0,1.3431,14,3,0.9218,6,5.0,1,0.0,7
ONDO,0.07,0.75,10,0.2084,48,0.2646,0.0,0.97,12,1,0.8392,4,0.0,0,0.0,8
ONDO,0.05,0.9,10,0.3715,46,0.5218,0.0,1.7938,13,2,1.3317,6,0.0,0,0.0,7
ONDO,0.05,1.0,10,0.6563,44,0.6892,0.0,2.3691,13,2,1.779,6,0.0,0,0.0,7
ONDO,0.05,0.75,30,0.3263,41,1.1007,0.0,3.8525,10,3,0.997,5,5.0,1,0.0,4
ONDO,0.05,0.75,50,0.3082,34,1.2956,0.0,8.0974,7,2,1.2746,2,5.0,1,0.0,4
ENA,0.05,0.75,10,0.8002,186,0.1687,0.038,0.396,31,4,0.0311,11,0.2529,7,0.8094,13
ENA,0.03,0.75,10,0.7132,153,0.6525,0.1435,1.595,26,4,0.1761,10,0.2574,6,1.4891,10
ENA,0.07,0.75,10,0.8148,179,0.1666,0.0372,0.3967,29,4,0.0311,11,0.7451,6,0.5499,12
ENA,0.05,0.9,10,0.9374,170,0.1902,0.0,0.5375,28,2,0.0642,11,0.0,6,0.739,11
ENA,0.05,1.0,10,1.1415,158,0.8493,0.0,2.3781,27,3,2.0701,11,0.0,6,0.9016,10
ENA,0.05,0.75,30,0.5606,153,0.0387,0.0,0.1277,23,1,0.0,12,0.0,5,0.5489,6
ENA,0.05,0.75,50,0.6178,136,0.0783,0.0,0.2284,23,3,0.0,10,0.3361,7,0.5123,6
POL,0.05,0.75,10,0.4932,89,0.0969,0.0,0.2805,24,2,0.0,5,0.1867,12,0.0531,7
POL,0.03,0.75,10,0.6533,80,0.2049,0.0,0.5843,25,3,0.5602,7,0.1916,12,0.0785,6
POL,0.07,0.75,10,0.3048,85,0.0,0.0,0.0,21,0,0.0,5,0.0,10,0.0,6
POL,0.05,0.9,10,0.497,80,0.1722,0.0,0.5023,23,2,0.0,5,0.4501,12,0.0,6
POL,0.05,1.0,10,0.5296,71,0.2484,0.0,0.754,19,2,0.0,5,0.4886,11,0.0,3
POL,0.05,0.75,30,0.5799,74,0.1359,0.0286,0.3625,20,4,0.0,3,0.4296,11,0.0065,6
POL,0.05,0.75,50,0.558,70,0.1551,0.0298,0.517,14,4,0.0,2,0.5259,7,0.0067,5
WLD,0.05,0.75,10,0.6082,234,0.4879,0.2218,0.9921,36,11,2.9439,7,1.1115,11,0.1327,18
WLD,0.03,0.75,10,0.4878,182,0.3064,0.0515,0.6812,26,5,2.2117,5,0.6382,7,0.0924,14
WLD,0.07,0.75,10,0.631,225,0.4758,0.2163,0.9675,36,11,2.7948,7,1.1382,11,0.131,18
WLD,0.05,0.9,10,0.6499,213,0.3795,0.0651,0.8197,29,5,1.1542,5,1.0562,10,0.0814,14
WLD,0.05,1.0,10,0.5972,195,0.7163,0.122,1.5608,28,5,2.2265,4,1.122,9,0.2303,15
WLD,0.05,0.75,30,0.452,186,0.279,0.1033,0.5424,34,9,3.2802,6,0.9078,9,0.0556,19
WLD,0.05,0.75,50,0.4312,158,0.2291,0.0925,0.4511,31,10,5.2373,5,1.0826,9,0.0507,17
APT,0.05,0.75,10,0.8055,204,0.7549,0.2756,1.6535,30,7,0.977,7,1.147,11,0.3399,12
APT,0.03,0.75,10,0.856,185,0.9375,0.3464,2.009,32,7,1.8629,7,1.4922,13,0.0861,12
APT,0.07,0.75,10,0.6983,198,0.2161,0.0789,0.4734,30,7,0.6489,6,1.4257,10,0.057,14
APT,0.05,0.9,10,0.8175,182,0.6633,0.113,1.4452,28,5,0.6383,6,0.922,10,0.4751,12
APT,0.05,1.0,10,0.799,168,0.7349,0.1252,1.6012,28,5,0.5256,6,1.1108,10,0.6218,12
APT,0.05,0.75,30,0.8535,175,0.865,0.3137,1.9189,29,7,1.3873,5,1.338,11,0.3304,13
APT,0.05,0.75,50,0.9904,166,1.3239,0.4593,3.2152,24,7,3.8378,4,1.2244,12,0.5907,8
ATOM,0.05,0.75,10,0.7812,513,0.4297,0.2242,0.7251,77,14,0.4022,22,0.4326,40,0.4507,15
ATOM,0.03,0.75,10,0.8533,463,0.7334,0.4073,1.2361,70,19,0.4898,21,0.9046,36,0.4961,13
ATOM,0.07,0.75,10,0.834,472,0.6497,0.313,1.1585,64,13,0.4639,18,0.5431,32,1.2363,14
ATOM,0.05,0.9,10,0.8879,467,0.465,0.228,0.8081,74,13,0.5809,23,0.4808,37,0.3025,14
ATOM,0.05,1.0,10,0.8643,427,0.5014,0.2075,0.8611,72,11,0.6872,24,0.4718,35,0.3896,13
ATOM,0.05,0.75,30,0.697,404,0.2663,0.0917,0.5219,64,8,0.2542,23,0.2898,29,0.2107,12
ATOM,0.05,0.75,50,0.7009,370,0.2174,0.067,0.4439,55,6,0.1562,19,0.2522,25,0.2163,11
ALGO,0.05,0.75,10,1.1242,533,0.3951,0.2078,0.6722,76,17,0.3531,47,0.0816,12,0.8841,17
ALGO,0.03,0.75,10,0.951,470,0.4192,0.2268,0.7009,72,15,0.3069,46,0.0,9,1.645,17
ALGO,0.07,0.75,10,1.1297,493,0.4479,0.2308,0.7698,69,14,0.4689,44,0.0,10,0.7052,15
ALGO,0.05,0.9,10,1.199,456,0.5164,0.278,0.8703,69,15,0.4102,43,0.0,10,2.0175,16
ALGO,0.05,1.0,10,1.2441,417,0.8068,0.3602,1.4853,62,12,0.8404,39,0.0,10,1.4483,13
ALGO,0.05,0.75,30,1.0581,441,0.5882,0.3288,0.9812,73,19,0.6421,42,0.0,12,0.7318,19
ALGO,0.05,0.75,50,0.8046,393,0.5399,0.2894,0.9283,68,18,0.5911,41,0.0,9,0.6324,18
RENDER,0.05,0.75,10,1.1189,144,0.2556,0.0,0.7367,24,3,0.4198,15,0.0,2,0.0458,7
RENDER,0.03,0.75,10,0.9814,119,0.5138,0.1109,1.3017,23,4,0.4462,14,1.7792,3,0.1928,6
RENDER,0.07,0.75,10,0.8444,134,0.2497,0.0,0.7121,25,3,0.4123,16,0.0,2,0.047,7
RENDER,0.05,0.9,10,0.8611,124,0.0794,0.0,0.2632,22,1,0.1389,14,0.0,2,0.0,6
RENDER,0.05,1.0,10,0.9561,120,0.1,0.0,0.3315,22,1,0.1804,14,0.0,2,0.0,6
RENDER,0.05,0.75,30,0.9665,97,0.2707,0.0,0.7445,14,3,0.2144,6,0.0,2,0.4284,6
RENDER,0.05,0.75,50,0.6681,84,0.0294,0.0,0.1078,12,1,0.0,6,0.0,2,0.1138,4
ARB,0.05,0.75,10,1.003,191,0.8098,0.4413,1.4634,49,17,0.1978,18,3.4957,18,1.1729,13
ARB,0.03,0.75,10,0.8075,178,0.7768,0.4144,1.3957,51,16,0.2801,21,3.2541,17,1.0137,13
ARB,0.07,0.75,10,1.0359,181,0.8513,0.4408,1.6131,45,16,0.2174,16,4.4226,17,0.7337,12
ARB,0.05,0.9,10,0.9381,160,0.9801,0.4238,1.9301,42,10,0.0743,15,5.3388,16,0.7343,11
ARB,0.05,1.0,10,1.0822,147,1.6757,0.7834,3.2372,41,11,0.4682,15,6.2417,15,1.5739,11
ARB,0.05,0.75,30,0.8066,161,0.8239,0.4213,1.4601,43,16,0.2924,16,2.5413,18,1.0839,9
ARB,0.05,0.75,50,0.8566,152,0.9711,0.5141,1.8508,44,17,0.4224,18,3.0044,16,1.1812,10
FIL,0.05,0.75,10,0.6072,344,0.7387,0.4129,1.1948,71,23,0.528,11,0.7997,37,0.6644,23
FIL,0.03,0.75,10,0.6536,289,1.2248,0.7205,2.0414,66,22,0.8643,10,1.69,34,0.7462,22
FIL,0.07,0.75,10,0.6564,326,0.9965,0.5692,1.6249,67,25,1.0708,12,1.1317,35,0.6688,20
FIL,0.05,0.9,10,0.6603,306,0.7759,0.4299,1.3127,69,19,0.5964,11,0.8157,37,0.7331,21
FIL,0.05,1.0,10,0.737,287,0.8209,0.404,1.3767,65,16,0.0,9,0.9028,36,0.9645,20
FIL,0.05,0.75,30,0.5703,277,0.7895,0.448,1.3629,61,21,0.2374,9,0.9063,32,0.8876,20
FIL,0.05,0.75,50,0.5605,245,0.7061,0.3842,1.1833,56,20,0.2374,9,0.7408,28,0.9278,19
QNT,0.05,0.75,10,1.0348,267,1.4442,0.7272,2.8557,36,13,1.2739,24,0.8872,10,5.0,2
QNT,0.03,0.75,10,0.9492,245,1.653,0.7406,3.4564,34,11,1.9473,22,1.111,8,0.9615,4
QNT,0.07,0.75,10,1.0937,240,1.3263,0.653,2.7693,33,13,0.9881,23,1.2469,8,5.0,2
QNT,0.05,0.9,10,1.3071,240,1.5786,0.68,3.0762,37,13,1.305,25,1.183,10,5.0,2
QNT,0.05,1.0,10,1.628,226,1.0127,0.3143,2.0788,32,8,1.2103,23,0.2085,9,0.0,0
QNT,0.05,0.75,30,0.9126,222,1.1242,0.413,2.4343,31,7,1.8778,20,0.0,6,0.0,5
QNT,0.05,0.75,50,0.8135,205,1.2442,0.4466,2.5403,30,9,1.5964,21,0.0,5,1.3777,4
VET,0.05,0.75,10,0.8233,578,0.4739,0.2676,0.7402,85,22,0.2312,11,0.5662,53,0.3557,21
VET,0.03,0.75,10,0.5689,512,0.3263,0.1569,0.5373,79,15,0.083,10,0.329,46,0.6063,23
VET,0.07,0.75,10,0.8443,533,0.4158,0.2343,0.6854,77,19,0.2455,11,0.5697,48,0.1435,18
VET,0.05,0.9,10,0.9284,514,0.5621,0.3168,0.9266,77,19,0.6942,11,0.5235,48,0.6187,18
VET,0.05,1.0,10,0.9877,472,0.6054,0.3271,1.0147,71,15,0.9578,11,0.5086,46,1.0504,14
VET,0.05,0.75,30,0.7219,452,0.3489,0.1795,0.6014,68,14,0.0837,9,0.4159,43,0.3412,16
VET,0.05,0.75,50,0.4917,421,0.3901,0.192,0.6543,65,16,0.1066,7,0.4508,45,0.3778,13
SEI,0.05,0.75,10,0.8334,187,0.7605,0.2028,1.6899,22,6,0.5396,9,0.5262,4,1.3918,9
SEI,0.03,0.75,10,0.7748,174,0.5642,0.0923,1.3057,23,5,0.1954,10,0.8201,3,1.5147,10
SEI,0.07,0.75,10,0.7591,172,0.1643,0.0,0.4107,18,3,0.0808,9,0.0,3,1.1443,6
SEI,0.05,0.9,10,1.1126,169,1.0728,0.2781,2.5031,20,6,0.5717,9,4.9971,3,1.533,8
SEI,0.05,1.0,10,1.1139,156,1.0595,0.3444,2.6698,19,5,0.6768,9,6.4765,3,0.8843,7
SEI,0.05,0.75,30,0.7141,165,0.8048,0.2195,1.7325,24,6,0.766,11,0.0,4,1.3889,9
SEI,0.05,0.75,50,0.7325,137,0.7256,0.0,1.935,15,3,0.7634,8,0.0,3,1.1996,4
OP,0.05,0.75,10,0.7303,280,0.7533,0.3917,1.3466,54,15,0.5545,26,1.77,19,0.0162,9
OP,0.03,0.75,10,0.6784,236,0.8725,0.3691,1.5996,45,12,0.2724,22,4.2731,16,0.0,7
OP,0.07,0.75,10,0.6477,268,0.5264,0.2737,0.9409,54,15,0.5634,24,0.6384,21,0.0811,9
OP,0.05,0.9,10,0.6421,247,0.5424,0.2404,1.0256,49,10,0.3687,24,1.1421,16,0.0318,9
OP,0.05,1.0,10,0.6568,232,0.5125,0.1703,0.9578,47,8,0.5167,24,0.7279,14,0.0499,9
OP,0.05,0.75,30,0.7018,224,0.7845,0.4001,1.4488,49,15,0.5095,25,1.8941,16,0.0194,8
OP,0.05,0.75,50,0.6951,205,0.821,0.3863,1.4927,42,14,0.4267,21,2.0618,16,0.0,5
IMX,0.05,0.75,10,0.8252,350,0.5681,0.3073,0.9633,72,18,3.9851,7,1.3004,35,0.1,30
IMX,0.03,0.75,10,0.7529,296,0.3698,0.1697,0.6627,66,10,2.4646,5,0.758,30,0.0995,31
IMX,0.07,0.75,10,0.859,337,0.5445,0.2693,0.9073,67,16,2.9341,6,1.3378,32,0.1078,29
IMX,0.05,0.9,10,0.9288,306,0.7387,0.3806,1.2697,69,14,9.5844,5,1.5995,33,0.0733,31
IMX,0.05,1.0,10,1.0651,287,1.0431,0.4685,1.9028,65,12,13.3182,5,1.8884,30,0.1422,30
IMX,0.05,0.75,30,0.6065,288,0.3338,0.18,0.561,70,15,2.0465,7,0.5326,32,0.174,31
IMX,0.05,0.75,50,0.5655,244,0.3822,0.2078,0.6625,57,16,7.583,3,0.7728,25,0.1649,29
INJ,0.05,0.75,10,0.9239,483,0.6492,0.3549,1.1221,64,19,0.8691,22,0.9408,13,0.3425,29
INJ,0.03,0.75,10,0.8214,400,0.7452,0.3715,1.348,55,14,1.3817,18,0.4334,12,0.5424,25
INJ,0.07,0.75,10,0.9928,476,0.6909,0.3517,1.1551,62,17,0.8136,23,0.8389,13,0.4818,26
INJ,0.05,0.9,10,1.0173,422,0.5993,0.2908,1.0805,53,11,1.1442,21,0.3736,9,0.2211,23
INJ,0.05,1.0,10,1.1104,385,0.6899,0.3058,1.3046,49,10,1.2605,20,0.2663,7,0.287,22
INJ,0.05,0.75,30,0.8146,392,0.3424,0.1503,0.597,55,12,0.5082,20,0.3124,11,0.1872,24
INJ,0.05,0.75,50,0.7657,356,0.3036,0.1206,0.5903,51,9,0.188,15,0.2936,10,0.4289,26
FET,0.05,0.75,10,0.8784,705,0.6976,0.4542,1.0251,131,31,0.4829,59,0.8975,24,0.8382,48
FET,0.03,0.75,10,0.8665,558,0.5062,0.3035,0.7816,114,23,0.4782,56,0.5386,18,0.5265,40
FET,0.07,0.75,10,0.9439,677,0.8935,0.5668,1.3461,117,30,0.7536,52,0.4643,22,1.217,43
FET,0.05,0.9,10,0.9626,633,0.5809,0.3401,0.9073,114,22,0.519,53,0.512,18,0.642,43
FET,0.05,1.0,10,1.0133,586,0.5951,0.327,0.9187,107,20,0.437,49,0.8101,16,0.6613,42
FET,0.05,0.75,30,0.8198,559,0.5702,0.3384,0.8925,104,23,0.4173,44,0.8928,19,0.5884,41
FET,0.05,0.75,50,0.8282,476,0.5159,0.3064,0.8072,96,20,0.4438,40,0.8553,18,0.4538,38
STX,0.05,0.75,10,0.944,511,0.7769,0.4898,1.2043,89,28,0.78,13,0.9341,46,0.5458,30
STX,0.03,0.75,10,0.9512,417,1.0422,0.596,1.634,80,23,3.3592,10,1.0702,41,0.5362,29
STX,0.07,0.75,10,0.9068,502,0.807,0.4625,1.2618,81,23,2.75,13,1.2017,42,0.189,26
STX,0.05,0.9,10,1.0164,444,1.2711,0.7791,2.0338,81,27,1.8805,13,1.5946,41,0.5599,27
STX,0.05,1.0,10,1.1014,402,1.3669,0.8178,2.2107,73,22,3.9066,10,1.3898,35,0.7998,28
STX,0.05,0.75,30,0.9621,407,0.8804,0.5421,1.4188,78,28,0.7738,13,0.9661,38,0.8547,27
STX,0.05,0.75,50,0.8966,351,0.9683,0.6068,1.557,77,30,0.8659,11,1.3343,40,0.6309,26
SAND,0.05,0.75,10,0.7997,433,0.8172,0.4505,1.3936,67,19,1.2333,9,0.6646,30,1.0061,28
SAND,0.03,0.75,10,0.7078,368,0.6589,0.3497,1.1398,61,15,1.1383,8,0.4207,26,0.937,27
SAND,0.07,0.75,10,0.6828,415,0.758,0.4143,1.31,64,19,1.2348,9,0.5444,29,1.0503,26
SAND,0.05,0.9,10,0.8542,381,0.6295,0.3182,1.1137,60,14,1.2981,8,0.304,26,1.207,26
SAND,0.05,1.0,10,0.8557,350,0.6812,0.3013,1.1775,58,12,1.7047,8,0.3623,26,1.2083,24
SAND,0.05,0.75,30,0.7664,329,0.5916,0.2904,0.9957,64,16,1.5527,8,0.3635,31,0.8357,25
SAND,0.05,0.75,50,0.5757,300,0.4944,0.2624,0.8552,61,15,1.5527,8,0.3166,30,0.6343,23
MANA,0.05,0.75,10,0.7158,396,1.0799,0.6409,1.7747,69,22,0.7536,40,1.9179,20,1.7454,9
MANA,0.03,0.75,10,0.7126,330,1.2065,0.6509,1.9909,60,19,0.6966,35,3.6586,19,0.5996,6
MANA,0.07,0.75,10,0.8443,387,1.1425,0.663,1.9475,62,22,0.9424,35,2.034,20,0.5825,7
MANA,0.05,0.9,10,0.7662,355,1.0561,0.5339,1.8685,60,14,0.8211,37,1.9203,17,0.8527,6
MANA,0.05,1.0,10,0.8075,332,0.7618,0.3428,1.4064,55,10,0.509,34,1.9651,16,0.0,5
MANA,0.05,0.75,30,0.5416,337,0.9991,0.5196,1.682,58,18,0.799,34,1.2116,15,2.0905,9
MANA,0.05,0.75,50,0.5397,311,1.1082,0.6213,1.8257,58,21,0.9986,35,1.2116,15,1.5249,8
GRT,0.05,0.75,10,0.8849,433,1.0205,0.6414,1.6327,78,30,1.4705,31,0.7031,34,1.5027,13
GRT,0.03,0.75,10,0.9147,364,0.8601,0.5043,1.4409,65,22,2.1371,23,0.6253,33,0.5133,9
GRT,0.07,0.75,10,0.8857,415,0.988,0.5883,1.5654,71,27,1.1122,27,0.7333,32,1.9915,12
GRT,0.05,0.9,10,0.9846,383,1.3102,0.7324,2.1192,71,23,1.7159,28,1.101,33,1.2377,10
GRT,0.05,1.0,10,1.054,349,1.6707,0.9425,2.8314,66,20,2.0599,27,1.7023,30,0.6992,9
GRT,0.05,0.75,30,0.7198,340,1.1379,0.6827,1.9471,60,25,2.0389,25,0.7376,25,1.7767,10
GRT,0.05,0.75,50,0.6148,315,0.8457,0.4651,1.4311,54,21,1.8494,26,0.36,20,1.7917,8
THETA,0.05,0.75,10,0.935,520,0.9251,0.5932,1.3471,131,39,1.2464,10,0.5261,45,1.2172,76
THETA,0.03,0.75,10,0.904,452,0.8469,0.5492,1.2639,115,32,1.1898,9,1.1521,40,0.6988,66
THETA,0.07,0.75,10,0.997,492,1.0214,0.6625,1.4827,117,37,1.5414,9,0.5943,43,1.3422,65
THETA,0.05,0.9,10,0.8971,450,0.8196,0.4862,1.229,114,26,1.7359,9,0.611,40,0.8466,65
THETA,0.05,1.0,10,0.8873,410,0.9036,0.5271,1.4183,110,22,1.1406,8,1.0122,40,0.8319,62
THETA,0.05,0.75,30,0.8089,398,0.6835,0.422,1.0152,106,29,2.1721,7,0.2707,35,0.8912,64
THETA,0.05,0.75,50,0.651,369,0.637,0.4022,0.9727,98,27,2.1721,7,0.2376,33,0.871,58
