timestamp,symbol,side,entry_price,exit_price,size_usdt,pnl_pct,pnl_usdt,funding_paid,reason_exit,flag,entry_timestamp_ms,cluster
2026-04-13 22:00:19.476,ADA/USDT,short,0.23926,0.24019,0.0,-0.3887,-0.0339,0.0,sl_hit,,,
2026-04-13 22:00:20.202,DOT/USDT,short,1.174,1.184,0.0,-0.8518,-0.102,-0.01903581,sl_hit,,,
2026-04-13 22:00:20.532,TAO/USDT,short,254.65,257.96,0.0,-1.2998,-0.1726,0.0008501200000000001,sl_hit,,,
2026-04-13 22:00:21.089,ENA/USDT,short,0.0954,0.0967,0.0,-1.3627,-0.0693,0.00238624,sl_hit,,,
2026-04-13 22:00:21.399,ALGO/USDT,short,0.1056,0.1047,0.0,0.8523,0.0663,0.00300416,sl_hit,,,
2026-04-14 00:00:07.834,HBAR/USDT,short,0.08561,0.08777,0.0,-2.5231,-0.2953,0.00144421,tf_exit,,,
2026-04-14 01:00:07.240,ONDO/USDT,long,0.2578,0.2541,0.0,-1.4352,-0.1573,0.00384624,div_exit,,,
2026-04-14 01:00:08.054,ALGO/USDT,short,0.1052,0.1099,0.0,-4.4677,-0.4007,0.00391514,regime_change,,,
2026-04-14 02:00:07.479,ATOM/USDT,long,1.777,1.755,0.0,-1.238,-0.118,0.0,tf_exit,,,
2026-04-14 05:00:07.531,HBAR/USDT,short,0.08667,0.0865,0.0,0.1961,0.019,0.00144421,zone_exit,,,
2026-04-14 07:00:07.734,RENDER/USDT,long,1.922,1.899,0.0,-1.1967,-0.0679,0.00038647,tf_exit,,,
2026-04-14 10:00:06.948,WLD/USDT,long,0.3197,0.3222,0.0,0.782,0.0946,-0.00384226,sl_hit,,,
2026-04-14 10:00:07.753,APT/USDT,long,0.8671,0.8679,0.0,0.0923,0.0157,-0.00039903,div_exit,,,
2026-04-14 12:00:07.131,SAND/USDT,long,0.07984,0.07742,0.0,-3.0311,-0.211,-0.00069072,zone_exit,,,
2026-04-14 14:00:06.628,ONDO/USDT,long,0.2567,0.2602,0.0,1.3635,0.0725,0.0035775,div_exit,,,
2026-04-14 14:00:07.523,APT/USDT,long,0.8638,0.8661,0.0,0.2663,0.0176,-0.00039903,div_exit,,,
2026-04-14 14:00:08.296,GRT/USDT,long,0.02416,0.0243,0.0,0.5795,0.0618,-0.00231828,tf_exit,,,
2026-04-14 16:00:09.715,SOL/USDT,long,85.885,85.941,0.0,0.0652,0.0041,0.0,cancel_tf,,,
2026-04-14 16:00:11.343,ONDO/USDT,long,0.2565,0.2539,0.0,-1.0136,-0.1628,0.0035775,div_exit,,,
2026-04-14 18:00:06.915,ALGO/USDT,long,0.1108,0.1076,0.0,-2.8881,-0.3725,0.0037756400000000002,tf_exit,,,
2026-04-14 19:00:07.700,BNB/USDT,long,614.66,613.62,0.0,-0.1692,-0.0072,-0.0012370100000000002,zone_exit,,,
2026-04-14 20:00:07.870,BTC/USDT,long,74915.6,74191.4,0.0,-0.9667,-0.1473,0.00351541,regime_change,,,
2026-04-14 21:00:08.729,DOT/USDT,short,1.212,1.157,0.0,4.538,0.5255,-0.0406243,div_exit,,,
2026-04-14 21:00:09.459,APT/USDT,long,0.86,0.8535,0.0,-0.7558,-0.1242,-0.00124798,div_exit,,,
2026-04-14 23:00:08.728,MANA/USDT,short,0.0868,0.0859,0.0,1.0369,0.0737,0.00026478000000000005,zone_exit,,,
2026-04-15 01:00:09.266,ONDO/USDT,long,0.25,0.2522,0.0,0.88,0.1158,0.00219802,div_exit,,,
2026-04-15 01:00:10.026,ENA/USDT,short,0.0952,0.0969,0.0,-1.7857,-0.1039,0.0026818,tf_exit,,,
2026-04-15 02:00:08.999,SEI/USDT,short,0.0544,0.0547,0.0,-0.5515,-0.0313,5.638e-05,tf_exit,,,
2026-04-15 09:00:08.566,ONDO/USDT,long,0.2533,0.2515,0.0,-0.7106,-0.0829,0.00096567,tf_exit,,,
2026-04-15 10:00:08.296,DOT/USDT,short,1.163,1.155,0.0,0.6879,0.069,-0.05461544,div_exit,,,
2026-04-15 11:00:08.149,ENA/USDT,short,0.0971,0.0964,0.0,0.7209,0.0849,0.0032207299999999998,tf_exit,,,
2026-04-15 12:00:08.706,ATOM/USDT,short,1.744,1.75,0.0,-0.344,-0.0426,0.00247408,zone_exit,,,
2026-04-15 12:00:09.540,QNT/USDT,short,73.59,73.25,0.0,0.462,0.0297,0.00066438,zone_exit,,,
2026-04-15 16:00:07.609,ENA/USDT,short,0.0979,0.0968,0.0,1.1236,0.0708,0.0032207299999999998,tf_exit,,,
2026-04-15 17:00:07.277,APT/USDT,long,0.8837,0.915,0.0,3.5419,0.2006,-0.00123011,zone_exit,,,
2026-04-15 18:00:07.119,ENA/USDT,short,0.0981,0.0981,0.0,0.0,0.0023,0.0032207299999999998,tf_exit,,,
2026-04-15 19:00:07.410,MANA/USDT,long,0.0872,0.0888,0.0,1.8349,0.2693,-0.00108564,zone_exit,,,
2026-04-15 20:00:07.692,ENA/USDT,short,0.0989,0.1004,0.0,-1.5167,-0.0782,0.0032207299999999998,tf_exit,,,
2026-04-15 21:00:07.543,TAO/USDT,long,246.5,243.06,0.0,-1.3955,-0.0888,0.0006434800000000001,div_exit,,,
2026-04-15 21:00:08.559,STX/USDT,long,0.233,0.2376,0.0,1.9742,0.1862,0.0002955,div_exit,,,
2026-04-15 23:00:07.132,INJ/USDT,long,3.067,3.271,0.0,6.6515,0.208,0.00030948,regime_change,,,
2026-04-16 00:00:07.482,RENDER/USDT,long,1.872,1.884,0.0,0.641,0.0576,-0.0013785499999999999,regime_change,,,
2026-04-16 02:00:07.318,ENA/USDT,short,0.1001,0.0996,0.0,0.4995,0.0385,0.00380999,tf_exit,,,
2026-04-16 02:00:08.113,INJ/USDT,long,3.248,3.239,0.0,-0.2771,-0.0118,0.00030948,zone_exit,,,
2026-04-16 06:00:08.688,BTC/USDT,long,74561.8,75038.5,0.0,0.6393,0.0437,0.0049879799999999995,regime_change,,,
2026-04-16 06:00:09.446,ONDO/USDT,long,0.2509,0.2626,0.0,4.6632,0.5325,-0.0019737599999999998,regime_change,,,
2026-04-16 06:00:10.222,OP/USDT,long,0.116,0.1224,0.0,5.5172,0.4525,-0.00030289999999999994,regime_change,,,
2026-04-16 06:00:11.027,STX/USDT,long,0.24,0.2367,0.0,-1.375,-0.1093,0.0002955,div_exit,,,
2026-04-16 10:00:00.000,GRT/USDT,long,0.02494,0.0250342,10.0,0.3777,0.0378,0.0,sl_trigger_reconstructed,reconstructed_post_hoc,,
2026-04-16 11:00:11.092,POL/USDT,short,0.08722,0.08697,0.0,0.2866,0.0264,-0.00157982,tf_exit,,,
2026-04-16 15:00:09.699,SHIB/USDT,long,6.063e-06,6.016e-06,0.0,-0.7752,-0.0872,-0.00126212,div_exit,,,
2026-04-16 15:00:10.504,ONDO/USDT,long,0.2637,0.2622,0.0,-0.5688,-0.0426,-0.0032174499999999997,div_exit,,,
2026-04-16 15:00:11.393,MANA/USDT,long,0.094,0.092,0.0,-2.1277,-0.1956,-0.00108564,div_exit,,,
2026-04-16 18:00:11.193,SOL/USDT,long,85.149,86.601,0.0,1.7052,0.1309,-0.00220898,div_exit,,,
2026-04-16 18:00:11.957,ONDO/USDT,long,0.2687,0.2671,0.0,-0.5955,-0.0705,-0.0032174499999999997,div_exit,,,
2026-04-16 20:00:11.512,ALGO/USDT,long,0.1129,0.1139,0.0,0.8857,0.0775,0.00121857,regime_change,,,
2026-04-16 22:00:11.967,STX/USDT,long,0.2399,0.2429,0.0,1.2505,0.0644,0.0002955,div_exit,,,
2026-04-17 00:00:11.711,ETC/USDT,long,8.71,8.747,0.0,0.4248,0.0299,0.0007351,zone_exit,,,
2026-04-17 02:00:11.407,SAND/USDT,long,0.08032,0.08314,0.0,3.511,0.3608,-0.00278039,tf_exit,,,
2026-04-17 03:00:11.307,UNI/USDT,long,3.389,3.37,0.0,-0.5606,-0.0468,0.0,div_exit,,,
2026-04-17 05:00:11.556,GRT/USDT,long,0.02562,0.02556,0.0,-0.2342,-0.0156,-0.00231828,tf_exit,,,
2026-04-17 06:00:10.972,APT/USDT,long,0.9731,0.9682,0.0,-0.5035,-0.0382,-0.00123011,tf_exit,,,
2026-04-17 07:00:11.466,ONDO/USDT,long,0.2702,0.2635,0.0,-2.4796,-0.2014,-0.0040011,sl_hit,,,
2026-04-17 08:00:11.221,SEI/USDT,long,0.0571,0.0578,0.0,1.2259,0.1565,5.638e-05,div_exit,,,
2026-04-17 08:00:12.045,INJ/USDT,short,3.37,3.387,0.0,-0.5045,-0.0183,0.00030948,div_exit,,,
2026-04-17 10:00:10.049,APT/USDT,long,1.002,1.0013,0.0,-0.0699,-0.005,-0.00123011,div_exit,,0,
2026-04-17 11:00:09.712,UNI/USDT,long,3.367,3.414,0.0,1.3959,0.0475,-0.0003399,zone_exit,,0,
2026-04-17 15:00:11.738,VET/USDT,long,0.007137,0.007458,0.0,4.4977,0.5825,-0.00399675,zone_exit,,0,
2026-04-17 16:00:10.963,SHIB/USDT,long,6.241e-06,6.383e-06,0.0,2.2753,0.1439,-0.00250294,div_exit,,0,
2026-04-17 16:00:11.923,SEI/USDT,long,0.0584,0.0598,0.0,2.3973,0.2003,0.0008,div_exit,,1776420014447,
2026-04-17 16:00:12.774,STX/USDT,long,0.2371,0.2445,0.0,3.121,0.1672,-0.00023752000000000002,zone_exit,,0,
2026-04-17 19:00:11.548,LINK/USDT,long,9.817,9.648,0.0,-1.7215,-0.1485,0.0008,zone_exit,,1776445212430,
2026-04-17 20:00:11.593,ALGO/USDT,long,0.1147,0.1117,0.0,-2.6155,-0.1477,-0.00066778,tf_exit,,0,
2026-04-17 22:00:11.437,APT/USDT,long,1.0039,1.0042,0.0,0.0299,0.0096,0.0006,tf_exit,,1776459614446,
2026-04-17 22:00:12.248,GRT/USDT,long,0.0262,0.0261,0.0,-0.3817,-0.0111,0.0005,tf_exit,,1776456015455,
2026-04-18 00:00:10.754,APT/USDT,long,1.0076,0.9972,0.0,-1.0322,-0.0723,0.0008,div_exit,,1776466813023,
2026-04-18 01:00:10.583,DOGE/USDT,long,0.09999,0.09929,0.0,-0.7001,-0.051,-0.00067575,zone_exit,,1776456014646,
2026-04-18 02:00:10.679,ENA/USDT,long,0.1222,0.1236,0.0,1.1457,0.0921,-0.0006864600000000001,below_min_order,,1776445213204,
2026-04-18 03:00:07.808,HBAR/USDT,long,0.09116,0.09041,0.0,-0.8227,-0.0755,-0.00044831000000000005,not_operable,,1776420013664,
2026-04-18 03:00:08.567,SEI/USDT,long,0.0601,0.0578,0.0,-3.827,-0.3078,-0.00038451,regime_change,,1776445214343,
2026-04-18 04:00:08.523,APT/USDT,long,0.9861,0.9812,0.0,-0.4969,-0.0571,0.001,tf_exit,,1776481211035,
2026-04-18 04:00:09.319,MANA/USDT,long,0.0963,0.0941,0.0,-2.2845,-0.2013,-0.00090529,div_exit,,1776445215159,
2026-04-18 06:00:08.808,INJ/USDT,short,3.34,3.356,0.0,-0.479,-0.032,0.0007,div_exit,,1776474013531,
2026-04-18 07:00:08.536,WLD/USDT,short,0.2836,0.2861,0.0,-0.8815,-0.0512,-0.0011,tf_exit,,1776492011876,
2026-04-18 07:00:10.859,OP/USDT,short,0.1318,0.1333635,0.0,-1.1863,0.0,0.0,sl_trigger_reconstructed,reconstructed,1776481211790,
2026-04-18 10:00:08.609,APT/USDT,long,0.985,0.9649,0.0,-2.0406,-0.2069,-0.00103038,tf_exit,,1776495610516,
2026-04-18 11:00:08.199,BTC/USDT,long,74576.7,76152.8,0.0,2.1134,0.1565,0.01021695,regime_change,,0,
2026-04-18 11:00:08.968,ICP/USDT,long,2.595,2.553,0.0,-1.6185,-0.095,-0.00233207,tf_exit,,0,
2026-04-18 13:00:08.467,OP/USDT,short,0.1306,0.1289,0.0,1.3017,0.1082,0.0008,div_exit,,1776506410357,
2026-04-18 14:00:08.407,INJ/USDT,short,3.308,3.282,0.0,0.786,0.0771,0.0026,div_exit,,1776506411200,
2026-04-18 14:00:09.572,SAND/USDT,short,0.08298,0.08235,0.0,0.7592,0.0682,-0.0006,div_exit,,1776510010901,
2026-04-18 18:00:07.562,DOGE/USDT,short,0.0988,0.09539,0.0,3.4514,0.4194,0.00227793,regime_change,,1776492011088,
2026-04-18 22:00:08.358,ATOM/USDT,short,1.794,1.792,0.0,0.1115,0.0203,0.00021882,tf_exit,,1776513609885,
2026-04-19 00:00:08.407,APT/USDT,long,0.9414,0.9346,0.0,-0.7223,-0.0433,0.0006,zone_exit,,1776553212035,
2026-04-19 01:00:08.381,ONDO/USDT,short,0.2608,0.2571,0.0,1.4187,0.1167,0.00074357,div_exit,,1776524409957,
2026-04-19 01:00:12.170,OP/USDT,long,0.1264,0.125171,0.0,-0.9723,0.0,0.0,sl_trigger_reconstructed,reconstructed,1776553212811,
2026-04-19 02:00:08.585,ALGO/USDT,short,0.1086,0.106,0.0,2.3941,0.1814,0.00057617,zone_exit,,1776524410939,
2026-04-19 03:00:08.148,TRX/USDT,long,0.32905,0.32751,0.0,-0.468,-0.0293,0.00113859,not_operable,,1776538810767,
2026-04-19 03:00:09.041,ONDO/USDT,short,0.2556,0.2555,0.0,0.0391,0.0024,0.0004,zone_exit,,1776564012107,
2026-04-19 05:00:08.332,SAND/USDT,short,0.07993,0.07913,0.0,1.0009,0.0589,-0.0004,div_exit,,1776560411839,
2026-04-19 07:00:07.924,XLM/USDT,long,0.16997,0.16993,0.0,-0.0235,0.001,0.0008,tf_exit,,1776578410324,
2026-04-19 09:00:07.769,OP/USDT,long,0.1232,0.1233,0.0,0.0812,0.015,-0.00061828,div_exit,,1776578411059,
2026-04-19 10:00:07.833,POL/USDT,short,0.08863,0.08866,0.0,-0.0338,-0.0102,0.00073906,div_exit,,1776567611543,
2026-04-19 12:00:07.825,ENA/USDT,short,0.1174,0.1212,0.0,-3.2368,-0.1795,0.0003,zone_exit,,1776589210753,
2026-04-19 12:00:08.709,SAND/USDT,short,0.07861,0.07974,0.0,-1.4375,-0.1012,0.0007,div_exit,,1776592811544,
2026-04-19 13:00:08.138,DOGE/USDT,short,0.09446,0.09448,0.0,-0.0212,-0.003,0.00195973,zone_exit,,0,
2026-04-19 13:00:08.950,APT/USDT,short,0.941,0.9521,0.0,-1.1796,-0.1015,-0.0036540500000000003,tf_exit,,0,
2026-04-19 15:00:07.311,BTC/USDT,long,76197.7,75984.5,0.0,-0.2798,-0.0219,0.01181504,zone_exit,,0,
2026-04-19 18:00:05.981,ONDO/USDT,long,0.2574,0.2535,0.0,-1.5152,-0.1731,-0.0061731699999999995,tf_exit,,0,
2026-04-19 19:00:08.536,SAND/USDT,short,0.07857,0.07897,0.0,-0.5091,-0.0379,-0.00278039,div_exit,,0,
2026-04-19 20:00:07.166,TRX/USDT,long,0.3331,0.3318,0.0,-0.3903,-0.0341,-0.00021721,not_operable,,1776592810797,
2026-04-19 21:00:08.305,TAO/USDT,short,245.82,241.18,0.0,1.8876,0.1,0.0006064600000000001,zone_exit,,0,
2026-04-19 21:00:09.057,SAND/USDT,long,0.0793,0.07881,0.0,-0.6179,-0.0396,-0.00278039,tf_exit,,0,
2026-04-19 23:00:07.601,OP/USDT,long,0.123,0.121589,0.0,-1.1472,0.0,0.0,sl_trigger_reconstructed,reconstructed,1776628809478,
2026-04-20 01:00:07.197,SEI/USDT,short,0.0578,0.0546,0.0,5.5363,0.746,0.00393256,tf_exit,,0,
2026-04-20 02:00:08.943,ONDO/USDT,long,0.2523,0.2528,0.0,0.1982,0.0277,-0.00725749,zone_exit,,0,
2026-04-20 04:00:06.815,INJ/USDT,short,3.214,3.277,0.0,-1.9602,-0.1225,0.00052063,tf_exit,,0,
2026-04-20 10:00:06.737,INJ/USDT,short,3.22,3.259,0.0,-1.2112,-0.074,0.00181943,div_exit,,0,
2026-04-20 15:00:07.897,ONDO/USDT,short,0.2519,0.252,0.0,-0.0397,0.0049,-0.00632413,div_exit,,0,
2026-04-20 15:00:08.924,RENDER/USDT,short,1.811,1.768,0.0,2.3744,0.2505,0.0017940599999999999,zone_exit,,0,
2026-04-20 17:00:06.970,UNI/USDT,short,3.233,3.226,0.0,0.2165,0.0233,-0.0003399,zone_exit_mr,,0,
2026-04-20 19:00:07.615,IMX/USDT,long,0.1638,0.1674,0.0,2.1978,0.148,0.00029476000000000003,zone_exit,,0,
2026-04-20 20:00:08.778,UNI/USDT,long,3.26,3.259,0.0,-0.0307,-0.0015,-0.0003399,cancel_mr,,0,
2026-04-20 23:00:08.232,SAND/USDT,long,0.08133,0.08007,0.0,-1.5492,-0.0628,-0.00278039,div_exit,,0,
2026-04-21 01:00:08.149,LINK/USDT,long,9.288,9.308,0.0,0.2153,0.0168,-0.00022738,cancel_tf,,0,
2026-04-21 01:00:08.996,ATOM/USDT,long,1.801,1.796,0.0,-0.2776,-0.0128,0.0020364,tf_exit,,0,
2026-04-21 04:00:09.089,STX/USDT,short,0.2223,0.2231,0.0,-0.3599,-0.0286,-0.00107104,tf_exit,,0,
2026-04-21 04:00:09.962,GRT/USDT,long,0.02448,0.0247,0.0,0.8987,0.066,-0.00289841,tf_exit,,0,
2026-04-21 05:00:09.263,BNB/USDT,long,624.76,630.58,0.0,0.9316,0.0584,-0.0020922000000000002,zone_exit,,0,
2026-04-21 05:00:10.015,APT/USDT,short,0.9269,0.932,0.0,-0.5502,-0.0292,-0.0036540500000000003,div_exit,,0,
2026-04-21 05:00:10.766,ALGO/USDT,short,0.1017,0.1031,0.0,-1.3766,-0.123,-0.00035231,div_exit,,0,
2026-04-21 06:00:09.398,ENA/USDT,short,0.1119,0.1116,0.0,0.2681,0.0309,0.0013492,zone_exit,,0,
2026-04-21 07:00:10.037,SAND/USDT,long,0.07961,0.07907,0.0,-0.6783,-0.0564,-0.00278039,tf_exit,,0,
2026-04-21 09:00:07.506,ONDO/USDT,long,0.2575,0.258,0.0,0.1942,0.0367,-0.00693756,div_exit,,0,
2026-04-21 11:00:08.153,ONDO/USDT,long,0.2596,0.2606,0.0,0.3852,0.0513,-0.00693756,div_exit,,0,
2026-04-21 13:00:08.143,OP/USDT,long,0.124,0.1227,0.0,-1.0484,-0.0932,-0.00372051,sl_hit,,0,
2026-04-21 14:00:07.843,MANA/USDT,long,0.0898,0.091,0.0,1.3363,0.1599,-0.00629318,div_exit,,0,
2026-04-21 15:00:09.971,XLM/USDT,long,0.17942,0.17748,0.0,-1.0813,-0.0927,0.0,tf_exit,,0,
2026-04-21 16:00:09.529,TAO/USDT,long,247.88,244.6,0.0,-1.3232,-0.0687,-0.00075699,div_exit,,0,
2026-04-21 17:00:09.420,RENDER/USDT,long,1.778,1.776,0.0,-0.1125,-0.0065,-0.00317076,regime_change,,1776700809221,
2026-04-21 17:00:10.194,INJ/USDT,short,3.261,3.247,0.0,0.4293,0.026,0.00095618,regime_change,,1776783612445,
2026-04-21 18:00:10.777,DOT/USDT,short,1.273,1.271,0.0,0.1571,0.0136,-0.01346856,zone_exit_mr,,0,
2026-04-21 19:00:09.038,BTC/USDT,short,75723.7,75591.1,7.55,0.1751,0.0145,0.008230340000000001,zone_exit,,0,
2026-04-21 19:00:09.829,ALGO/USDT,short,0.1028,0.1028,8.92,0.0,0.0152,-0.00021281,div_exit,,0,
2026-04-21 21:00:10.315,INJ/USDT,short,3.202,3.235,9.71,-1.0306,-0.105,0.00277561,div_exit,,0,
2026-04-21 23:00:09.013,ADA/USDT,short,0.2444,0.2491,12.69,-1.9231,-0.2269,0.0,tf_exit,,0,
2026-04-22 00:00:09.379,SUI/USDT,short,0.9374,0.9492,12.33,-1.2588,-0.1482,0.0,cancel_tf,,0,
2026-04-22 01:00:09.854,ICP/USDT,short,2.456,2.468,5.47,-0.4886,-0.0244,-0.0019272,tf_exit,,0,
2026-04-22 02:00:10.215,SOL/USDT,long,86.059,86.252,6.89,0.2243,0.0149,-0.00066238,div_exit,,0,
2026-04-22 02:00:11.073,ALGO/USDT,short,0.1014,0.1029,10.0,-1.4793,-0.1363,0.00079113,div_exit,,0,
2026-04-22 03:00:10.412,SHIB/USDT,long,6.087e-06,6.184e-06,10.77,1.5936,0.1698,0.0011,not_operable,,1776819611154,
2026-04-22 03:00:11.215,ICP/USDT,short,2.455,2.502,12.15,-1.9145,-0.2235,-0.0019272,tf_exit,,0,
2026-04-22 03:00:12.156,ETC/USDT,long,8.437,8.57,6.68,1.5764,0.1022,0.0006,regime_change,,1776823213367,
2026-04-22 03:00:13.051,SAND/USDT,short,0.07822,0.07928,5.3,-1.3552,-0.0636,-0.0010427000000000001,tf_exit,,0,
2026-04-22 04:00:13.985,ATOM/USDT,long,1.819,1.905,8.4,4.7279,0.388,-0.00056955,not_operable,,1776805211753,
2026-04-22 12:00:06.898,ONDO/USDT,long,0.2649,0.27,9.15,1.9253,0.1738,-0.0009036199999999999,zone_exit,,1776826814129,
2026-04-22 12:00:07.966,SAND/USDT,short,0.07858,0.07846,10.66,0.1527,0.0188,0.0011,zone_exit,,1776848408255,
2026-04-22 15:00:06.795,BNB/USDT,long,651.25,650.27,13.0,-0.1505,-0.0161,0.0003,div_exit,,1776866406953,
2026-04-22 18:00:06.230,SEI/USDT,long,0.0627,0.063,8.12,0.4785,0.0388,-0.00073358,div_exit,,1776834008081,
2026-04-22 20:00:06.375,APT/USDT,long,0.9432,0.9543,7.44,1.1768,0.0909,-0.00088002,tf_exit,,1776826814913,
2026-04-22 21:00:06.141,SAND/USDT,long,0.07835,0.07743,10.84,-1.1742,-0.126,0.00029632,tf_exit,,1776870008287,
2026-04-23 01:00:06.332,SEI/USDT,long,0.0627,0.0617,5.43,-1.5949,-0.087,-0.00053713,div_exit,,1776884407209,
2026-04-23 03:00:06.637,RENDER/USDT,long,1.818,1.786,8.76,-1.7602,-0.1421,-0.00269241,tf_exit,,1776826815741,
2026-04-23 03:00:07.486,MANA/USDT,short,0.0915,0.0901,12.51,1.5301,0.199,0.00126612,zone_exit,,1776891607527,
2026-04-23 05:00:06.862,SEI/USDT,long,0.0616,0.0606,6.79,-1.6234,-0.1041,0.0007,div_exit,,1776909608471,
2026-04-23 06:00:06.928,TAO/USDT,short,244.82,242.56,8.62,0.9231,0.0879,-3.452e-05,zone_exit,,1776906007907,
2026-04-23 07:00:06.857,ENA/USDT,short,0.1107,0.106,7.56,4.2457,0.3463,0.00114449,zone_exit,,1776873607824,
2026-04-23 08:00:07.150,RENDER/USDT,long,1.806,1.798,8.74,-0.443,-0.0341,0.0004,tf_exit,,1776927608407,
2026-04-23 12:00:06.924,ONDO/USDT,short,0.2562,0.2576,12.28,-0.5464,-0.0644,0.0006164,div_exit,,1776916807901,
2026-04-23 12:00:07.866,ALGO/USDT,short,0.1006,0.1018,7.4,-1.1928,-0.0872,0.0007,div_exit,,1776942007669,
2026-04-23 13:00:07.150,SEI/USDT,long,0.0608,0.0604,7.25,-0.6579,-0.0447,-0.00073441,div_exit,,1776924008418,
2026-04-23 15:00:07.117,DOGE/USDT,short,0.09585,0.09702,11.83,-1.2207,-0.1427,0.0012,tf_exit,,1776931208609,
2026-04-23 15:00:07.952,INJ/USDT,short,3.283,3.316,9.94,-1.0052,-0.1008,0.0009846,tf_exit,,1776902407051,
2026-04-23 18:00:07.035,BNB/USDT,long,634.31,633.7,6.33,-0.0962,-0.0058,0.00069064,tf_exit,,1776949208597,
2026-04-23 20:00:07.554,DOT/USDT,short,1.216,1.224,6.73,-0.6579,-0.0494,0.0001,div_exit,,1776970808192,
2026-04-23 20:00:08.434,SAND/USDT,short,0.07664,0.07557,9.3,1.3961,0.1246,0.00188452,div_exit,,1776906008637,
2026-04-23 22:00:06.959,ONDO/USDT,short,0.2619,0.2603,11.69,0.6109,0.068,0.00057946,div_exit,,1776963607724,
2026-04-24 03:00:07.563,BNB/USDT,long,637.58,636.46,6.36,-0.1757,-0.0088,3.192e-05,tf_exit,,1776978008119,
2026-04-24 05:00:07.645,MANA/USDT,long,0.0917,0.0911,8.49,-0.6543,-0.035,-0.0017089800000000001,tf_exit,,1776956409264,
2026-04-24 06:00:08.429,ONDO/USDT,short,0.2604,0.262,5.26,-0.6144,-0.0301,0.0003,below_min_order_5.0usdt,,1777006809571,
2026-04-24 10:00:08.205,MANA/USDT,long,0.0921,0.0915,5.95,-0.6515,-0.0272,0.0006,tf_exit,,1777021210368,
2026-04-24 11:00:07.399,BNB/USDT,long,634.9,634.92,6.34,0.0032,0.0004,0.0001,div_exit,,1777017608317,
2026-04-24 12:00:07.353,XLM/USDT,short,0.17554,0.17602,5.27,-0.2734,-0.0133,0.00052209,tf_exit,,1776996008960,
2026-04-24 12:00:08.221,RENDER/USDT,short,1.794,1.819,11.22,-1.3935,-0.1359,0.00277998,tf_exit,,1776952808039,
2026-04-24 13:00:08.281,SHIB/USDT,long,6.174e-06,6.191e-06,6.29,0.2753,0.0145,0.0004,div_exit,,1777021209611,
2026-04-24 16:00:07.428,SEI/USDT,long,0.0628,0.0621,5.28,-1.1146,-0.0523,-0.00052938,regime_change,,1776992408391,
2026-04-24 16:00:08.369,GRT/USDT,short,0.02461,0.02484,9.65,-0.9346,-0.0855,0.001,tf_exit,,1777035610230,
2026-04-24 19:00:07.394,BNB/USDT,long,639.44,637.33,6.37,-0.33,-0.0208,0.0006,tf_exit,,1777046409784,
2026-04-24 20:00:07.626,GRT/USDT,short,0.02467,0.025,10.95,-1.3377,-0.1245,0.0011,tf_exit,,1777053608729,
2026-04-24 21:00:09.926,RENDER/USDT,short,1.802,1.815,11.79,-0.7214,-0.0821,0.00058767,tf_exit,,1777050010541,
2026-04-24 23:00:08.068,DOGE/USDT,long,0.09839,0.09796,6.36,-0.437,-0.0267,0.0006,sl_hit,,1777060809243,
2026-04-25 03:00:07.718,SAND/USDT,long,0.07701,0.08093,8.88,5.0902,0.4136,-0.00257764,zone_exit,,1776992409109,
2026-04-25 04:00:08.025,RENDER/USDT,short,1.796,1.795,11.68,0.0557,0.0232,0.00053685,direction_reversal,,1777068008314,
2026-04-25 06:00:08.097,IMX/USDT,short,0.1738,0.1783,8.01,-2.5892,-0.1935,0.00039352,regime_change,,1777078808794,
2026-04-25 08:00:08.810,ONDO/USDT,long,0.2635,0.2617,5.19,-0.6831,-0.0281,0.0003,tf_exit,,1777089609856,
2026-04-25 09:00:08.736,APT/USDT,long,0.9802,0.9759,5.27,-0.4387,-0.0216,-0.00052757,div_exit,,1777071609537,
2026-04-25 09:00:09.620,GRT/USDT,short,0.02522,0.02526,8.28,-0.1586,-0.0105,0.0008,tf_exit,,1777104010791,
2026-04-25 12:00:08.316,TAO/USDT,short,247.77,251.21,10.29,-1.3884,-0.1357,0.0025543700000000003,div_exit,,1777039208817,
2026-04-25 12:00:09.256,ONDO/USDT,long,0.2635,0.2611,6.82,-0.9108,-0.0575,0.0003,tf_exit,,1777111210241,
2026-04-25 13:00:09.996,SHIB/USDT,long,6.243e-06,6.18e-06,5.39,-1.0091,-0.0523,-0.00028668,not_operable,,1777046410568,
2026-04-25 14:00:08.463,UNI/USDT,short,3.258,3.252,9.75,0.1842,0.022,0.00097724,zone_exit,,1777093209643,
2026-04-25 15:00:08.403,ONDO/USDT,long,0.2617,0.2607,11.79,-0.3821,-0.0362,0.0006,tf_exit,,1777125610055,
2026-04-25 15:00:09.278,ENA/USDT,long,0.1084,0.1075,7.39,-0.8303,-0.0524,0.0004,tf_exit,,1777122011565,
2026-04-25 16:00:08.184,GRT/USDT,short,0.02504,0.02491,6.0,0.5192,0.0281,0.0006,zone_exit,,1777118411491,
2026-04-25 18:00:08.072,ENA/USDT,long,0.1077,0.1064,7.92,-1.2071,-0.0819,0.0004,tf_exit,,1777136409184,
2026-04-25 18:00:08.893,RENDER/USDT,long,1.795,1.769,5.47,-1.4485,-0.0711,-0.00082972,tf_exit,,1777089610680,
2026-04-25 20:00:08.302,ENA/USDT,long,0.1069,0.1064,6.67,-0.4677,-0.0142,0.0003,tf_exit,,1777143608492,
2026-04-26 01:00:08.108,RENDER/USDT,long,1.782,1.795,9.66,0.7295,0.0744,-0.0009632099999999999,tf_exit,,1777143609314,
2026-04-26 04:00:08.343,ENA/USDT,long,0.1063,0.1061,6.92,-0.1881,-0.0099,0.0003,tf_exit,,1777172409289,
2026-04-26 06:00:07.945,XLM/USDT,short,0.17235,0.16924,8.63,1.8045,0.1587,0.00173722,tf_exit,,1777118410706,
2026-04-26 07:00:08.112,TAO/USDT,short,245.72,246.94,9.28,-0.4965,-0.0424,-0.00135468,div_exit,,1777147209737,
2026-04-26 07:00:08.902,ONDO/USDT,short,0.2588,0.2623,13.14,-1.3524,-0.1655,0.0019524499999999999,tf_exit,,1777136408419,
2026-04-26 08:00:10.766,BTC/USDT,long,77882.8,78073.8,7.8,0.2452,0.0184,0.00672359,zone_exit,,1776920408313,
2026-04-26 08:00:11.697,APT/USDT,long,0.9764,0.9808,5.68,0.4506,0.0186,0.0005,zone_exit,,1777186811216,
2026-04-26 09:00:11.263,POL/USDT,long,0.09182,0.09151,12.29,-0.3376,-0.0364,0.0006,tf_exit,,1777190413908,
2026-04-26 13:00:08.573,ONDO/USDT,long,0.2656,0.269,6.76,1.2801,0.0841,-0.00034067,div_exit,,1777201210374,
2026-04-26 14:00:08.733,ENA/USDT,long,0.1085,0.1078,7.35,-0.6452,-0.0282,-0.0007488799999999999,tf_exit,,1777186810312,
2026-04-26 14:00:09.537,THETA/USDT,long,0.2131,0.2143,6.37,0.5631,0.0448,-0.01333369,regime_change,,1776650412685,
2026-04-26 17:00:10.944,SAND/USDT,long,0.08144,0.08166,5.46,0.2701,0.0127,-0.00055168,div_exit,,1777215610319,
2026-04-26 19:00:08.846,WLD/USDT,short,0.2594,0.2595,8.04,-0.0386,-0.0031,-0.00041132,zone_exit,,1777215609467,
2026-04-26 20:00:09.154,BNB/USDT,short,631.2,635.95,6.35,-0.7525,-0.0452,3.792e-05,tf_exit,,1777201209550,
2026-04-26 20:00:10.031,FET/USDT,long,0.2112,0.2111,6.75,-0.0473,-0.0032,-0.00476606,regime_change,,1776960008853,
2026-04-26 21:00:12.014,NEAR/USDT,short,1.3891,1.3869,5.54,0.1584,0.0107,0.0006,zone_exit,,1777219210161,
2026-04-27 00:00:09.146,INJ/USDT,long,3.785,3.735,3.73,-1.321,-0.05,-0.0007,div_exit,,1777244410257,
2026-04-27 01:00:08.678,ICP/USDT,short,2.443,2.468,12.63,-1.0233,-0.0999,0.00250856,tf_exit,,1777197608993,
2026-04-27 01:00:09.573,MANA/USDT,short,0.0943,0.0955,5.52,-1.2725,-0.0575,0.00165481,tf_exit,,1777168808923,
2026-04-27 03:00:09.582,ONDO/USDT,long,0.2732,0.2718,8.76,-0.5124,-0.0355,0.0004,div_exit,,1777255210000,
2026-04-27 03:00:10.528,INJ/USDT,long,3.764,3.841,3.84,2.0457,0.0778,-0.0004,zone_exit,,1777251611077,
2026-04-27 04:00:10.075,SHIB/USDT,long,6.307e-06,6.287e-06,6.47,-0.3171,-0.0206,0.0002,div_exit,,1777258812159,
2026-04-27 06:00:08.852,AVAX/USDT,long,9.434,9.268,9.28,-1.7596,-0.15,-0.00138101,tf_exit,,1777190413070,
2026-04-27 06:00:09.694,SAND/USDT,long,0.08146,0.07929,6.43,-2.6639,-0.1671,-0.00065493,tf_exit,,1777237213368,
2026-04-27 07:00:08.691,ONDO/USDT,long,0.2711,0.2623,5.41,-3.246,-0.1764,0.0003,sl_hit,,1777262412441,
2026-04-27 07:00:09.520,ENA/USDT,long,0.1093,0.1068,5.11,-2.2873,-0.1089,-0.0005284700000000001,tf_exit,,1777233611397,
2026-04-27 07:00:10.370,RENDER/USDT,long,1.806,1.793,8.71,-0.7198,-0.0534,-0.0023699899999999998,tf_exit,,1777172410035,
2026-04-27 07:00:11.173,IMX/USDT,long,0.1782,0.1697,7.14,-4.7699,-0.3402,-0.00023795,sl_hit,,1777255210890,
2026-04-27 08:00:12.114,QNT/USDT,short,70.52,69.44,11.81,1.5315,0.1708,0.00120122,zone_exit,,1777244409416,
2026-04-27 09:00:09.347,SAND/USDT,short,0.07857,0.0779,6.15,0.8527,0.0489,0.00061541,div_exit,,1777273212503,
2026-04-27 10:00:12.035,GRT/USDT,short,0.02452,0.02459,7.69,-0.2855,-0.0219,0.00076743,zone_exit,,1777273213356,
2026-04-27 11:00:07.740,ETC/USDT,short,8.598,8.387,6.79,2.4541,0.1709,-0.00011503,zone_exit,,1777262411644,
2026-04-27 11:00:08.718,ENA/USDT,long,0.1069,0.1058,6.62,-1.029,-0.0655,-0.0001,tf_exit,,1777280412186,
2026-04-27 12:00:09.490,SAND/USDT,short,0.07764,0.07817,9.45,-0.6826,-0.0557,0.0009,div_exit,,1777287610306,
2026-04-27 13:00:08.990,ENA/USDT,long,0.1062,0.1051,5.91,-1.0358,-0.0571,0.0002,tf_exit,,1777291210968,
2026-04-27 13:00:09.990,SEI/USDT,short,0.0601,0.0605,5.26,-0.6656,-0.023,0.0005,zone_exit_mr,,1777276814222,
2026-04-27 16:00:08.362,TAO/USDT,short,248.53,245.69,9.93,1.1427,0.1075,0.0005,zone_exit,,1777298408865,
2026-04-27 16:00:09.445,ENA/USDT,long,0.1057,0.1047,6.51,-0.9461,-0.043,0.0003,tf_exit,,1777298409732,
2026-04-27 16:00:10.486,POL/USDT,long,0.09136,0.0903,12.35,-1.1602,-0.1333,7.55e-05,tf_exit,,1777280412970,
2026-04-27 17:00:09.248,SAND/USDT,short,0.0778,0.07728,10.73,0.6684,0.0806,0.00106502,div_exit,,1777298410755,
2026-04-27 18:00:10.491,ALGO/USDT,long,0.1195,0.1172,4.97,-1.9247,-0.0933,-0.0014952400000000001,div_exit,,1777240810473,
2026-04-27 19:00:08.562,ONDO/USDT,short,0.2611,0.2618,9.01,-0.2681,-0.0275,0.00089857,div_exit,,1777280410799,
2026-04-27 20:00:10.447,ALGO/USDT,long,0.1185,0.1162,7.42,-1.9409,-0.1402,0.0008,div_exit,,1777316410119,
2026-04-27 21:00:11.338,QNT/USDT,short,69.72,69.82,12.56,-0.1434,-0.0162,0.0013,zone_exit,,1777309212299,
2026-04-27 22:00:09.921,POL/USDT,long,0.09185,0.09167,6.24,-0.196,-0.0123,0.0003,tf_exit,,1777323612758,
2026-04-28 01:00:08.887,ENA/USDT,long,0.1054,0.1067,6.69,1.2334,0.1,-0.0006629400000000001,tf_exit,,1777309211300,
2026-04-28 01:00:09.863,APT/USDT,short,0.9529,0.966,6.08,-1.3748,-0.0819,0.00060871,div_exit,,1777327211431,
2026-04-28 03:00:09.168,ENA/USDT,long,0.1069,0.106,6.01,-0.8419,-0.0469,0.0003,tf_exit,,1777341611034,
2026-04-28 03:00:10.244,ALGO/USDT,long,0.1158,0.1152,5.85,-0.5181,-0.021,-0.00059055,div_exit,,1777327212213,
2026-04-28 07:00:09.726,DOT/USDT,long,1.233,1.225,5.88,-0.6488,-0.0341,0.0006,sl_hit,,1777334410499,
2026-04-28 07:00:10.631,ENA/USDT,long,0.1065,0.1056,5.41,-0.8451,-0.0385,0.0003,tf_exit,,1777348812246,
2026-04-28 08:00:10.488,SAND/USDT,short,0.07709,0.07693,6.92,0.2075,0.0108,0.0007,zone_exit,,1777338011501,
2026-04-28 12:00:10.160,ENA/USDT,long,0.1061,0.1052,6.1,-0.8483,-0.0488,0.0003,tf_exit,,1777366811224,
2026-04-28 13:00:10.005,XLM/USDT,short,0.16737,0.1622,12.32,3.089,0.3958,0.00299914,div_exit,,1777276813363,
2026-04-28 14:00:09.980,TAO/USDT,long,249.04,251.75,9.59,1.0882,0.1063,-0.00047663,zone_exit,,1777363212184,
2026-04-28 15:00:11.901,SAND/USDT,long,0.07653,0.07639,9.39,-0.1829,-0.0227,0.0009,tf_exit,,1777384811748,
2026-04-28 18:00:10.873,ENA/USDT,long,0.1058,0.1058,6.87,0.0,0.0064,-0.00034638,tf_exit,,1777381211723,
2026-04-28 20:00:10.409,ONDO/USDT,short,0.2632,0.2641,6.3,-0.3419,-0.0215,0.00125309,div_exit,,1777345211884,
2026-04-28 21:00:10.419,BNB/USDT,short,623.32,624.13,6.24,-0.1299,-0.0081,0.00041990999999999996,div_exit,,1777320011948,
2026-04-28 23:00:10.904,SOL/USDT,short,83.4,83.654,8.36,-0.3046,-0.0276,0.0002,div_exit,,1777392011533,
2026-04-29 01:00:11.028,ONDO/USDT,short,0.2632,0.2645,6.64,-0.4939,-0.0327,0.00033179,tf_exit,,1777410012144,
2026-04-29 02:00:10.595,INJ/USDT,short,3.543,3.57,3.56,-0.7621,-0.027,0.00234452,tf_exit,,1777316410946,
2026-04-29 04:00:10.082,HBAR/USDT,short,0.08885,0.08995,5.39,-1.238,-0.0666,0.0005,not_operable,,1777420811537,
2026-04-29 04:00:10.980,SOL/USDT,short,84.073,84.577,6.76,-0.5995,-0.0379,0.0006,cancel_tf,,1777428012997,
2026-04-29 04:00:11.863,ICP/USDT,short,2.389,2.432,12.58,-1.7999,-0.2098,0.0049866500000000005,tf_exit,,1777309210574,
2026-04-29 04:00:12.741,ALGO/USDT,short,0.1116,0.113,5.23,-1.2545,-0.0544,0.00051867,zone_exit,,1777395612504,
2026-04-29 05:00:11.814,BNB/USDT,short,624.53,627.72,6.27,-0.5108,-0.0316,0.0004,div_exit,,1777428012219,
2026-04-29 05:00:12.594,SUI/USDT,short,0.9295,0.9355,6.54,-0.6455,-0.0392,0.0013180800000000001,tf_exit,,1777348811461,
2026-04-29 05:00:13.398,RENDER/USDT,short,1.763,1.789,6.66,-1.4748,-0.0931,0.00224808,tf_exit,,1777320012815,
2026-04-29 06:00:14.545,VET/USDT,short,0.00713,0.007218,5.42,-1.2342,-0.0675,0.0005,tf_exit,,1777420812313,
2026-04-29 10:00:10.402,BNB/USDT,short,627.1,629.37,12.57,-0.362,-0.0376,0.00088735,tf_exit,,1777442415819,
2026-04-29 10:00:11.233,RENDER/USDT,short,1.779,1.786,10.28,-0.3935,-0.0345,0.00050992,tf_exit,,1777442416598,
2026-04-29 10:00:12.076,VET/USDT,short,0.007166,0.007249,5.33,-1.1582,-0.0564,0.0005,low_confidence,,1777449610178,
2026-04-29 12:00:11.885,ALGO/USDT,long,0.1134,0.1125,7.42,-0.7937,-0.0591,0.0007,tf_exit,,1777460412533,
2026-04-29 13:00:10.209,DOGE/USDT,long,0.10182,0.10714,11.68,5.2249,0.5866,-0.00114331,sl_hit,,1777438814585,
2026-04-29 13:00:10.969,ENA/USDT,long,0.1088,0.1064,7.4,-2.2059,-0.1571,-0.00075255,tf_exit,,1777438815445,
2026-04-29 13:00:11.793,OP/USDT,long,0.121,0.1222,6.0,0.9917,0.0638,-0.00060687,regime_change,,1777431612755,
2026-04-29 13:00:12.519,GRT/USDT,long,0.02443,0.02487,8.52,1.8011,0.1408,-0.0017046600000000002,tf_exit,,1777392012294,
2026-04-29 14:00:12.482,SHIB/USDT,long,6.456e-06,6.218e-06,7.84,-3.6865,-0.2991,-0.0013,sl_hit,,1777460411818,
2026-04-29 14:00:13.384,MANA/USDT,long,0.0925,0.0907,9.17,-1.9459,-0.1701,0.0009,tf_exit,,1777460413347,
2026-04-29 16:00:11.732,TAO/USDT,short,253.7,251.74,9.05,0.7726,0.0563,0.0005,zone_exit,,1777474816797,
2026-04-29 17:00:11.311,BNB/USDT,short,621.18,617.53,6.17,0.5876,0.0378,0.0002773,div_exit,,1777471214475,
2026-04-29 17:00:12.049,DOT/USDT,short,1.225,1.21,8.93,1.2245,0.1337,0.00045461,div_exit,,1777471216772,
2026-04-29 19:00:14.893,ENA/USDT,long,0.1029,0.1021,6.68,-0.7775,-0.0552,0.0003,tf_exit,,1777485614617,
2026-04-29 19:00:15.792,OP/USDT,long,0.1198,0.1175,5.21,-1.9199,-0.1006,0.0005,tf_exit,,1777485616195,
2026-04-29 21:00:11.587,SOL/USDT,short,83.232,82.524,11.56,0.8506,0.0887,0.001,div_exit,,1777485612844,
2026-04-30 01:00:10.610,ALGO/USDT,short,0.1101,0.1119,10.35,-1.6349,-0.1707,0.00101936,regime_change,,1777503611605,
2026-04-30 03:00:10.019,ENA/USDT,long,0.1034,0.1029,7.36,-0.4836,-0.0245,-0.0003709,tf_exit,,1777496413182,
2026-04-30 04:00:09.534,THETA/USDT,short,0.2062,0.2,9.74,3.0068,0.2971,0.00194655,zone_exit,,1777460414096,
2026-04-30 05:00:11.335,ENA/USDT,long,0.1033,0.1023,7.93,-0.9681,-0.0706,0.0004,tf_exit,,1777521611793,
2026-04-30 07:00:10.220,SUI/USDT,short,0.9179,0.9046,9.04,1.449,0.1371,-0.00031584,div_exit,,1777471216017,
2026-04-30 09:00:08.875,APT/USDT,long,1.0247,1.0073,6.94,-1.6981,-0.1228,-0.00069561,not_operable,,1777514411659,
2026-04-30 09:00:09.773,ENA/USDT,long,0.1039,0.1031,8.72,-0.77,-0.0559,0.0004,tf_exit,,1777536009904,
2026-04-30 10:00:09.444,DOGE/USDT,long,0.10677,0.1074,6.76,0.5901,0.0372,-0.00056603,zone_exit,,1777521610998,
2026-04-30 10:00:10.246,INJ/USDT,short,3.513,3.472,6.94,1.1671,0.0812,0.0037795199999999998,zone_exit,,1777471217615,
2026-04-30 11:00:11.225,ENA/USDT,long,0.1037,0.1032,8.58,-0.4822,-0.0322,0.0004,tf_exit,,1777543211850,
2026-04-30 11:00:12.076,WLD/USDT,short,0.2462,0.2431,4.97,1.2591,0.0716,-0.00042341,zone_exit,,1777528811085,
2026-04-30 11:00:12.980,GRT/USDT,long,0.02422,0.02419,5.9,-0.1239,-0.0084,0.0006,tf_exit,,1777543212703,
2026-04-30 12:00:12.495,HBAR/USDT,short,0.08775,0.08828,6.53,-0.604,-0.0393,0.00065423,div_exit,,1777528810350,
2026-04-30 14:00:09.304,ENA/USDT,long,0.1039,0.1024,8.69,-1.4437,-0.1103,0.0002,tf_exit,,1777550413988,
2026-04-30 16:00:09.573,ONDO/USDT,short,0.2622,0.2642,5.89,-0.7628,-0.0427,0.0003,tf_exit,,1777561211417,
2026-04-30 16:00:10.580,INJ/USDT,short,3.453,3.465,6.93,-0.3475,-0.0288,0.0008,regime_change,,1777546815398,
2026-04-30 16:00:11.634,SAND/USDT,short,0.07313,0.07227,6.65,1.176,0.0715,0.0007,div_exit,,1777546816209,
2026-04-30 17:00:10.861,BNB/USDT,short,616.02,616.13,6.16,-0.0179,-0.0017,0.00061694,div_exit,,1777546814411,
2026-04-30 18:00:11.821,XLM/USDT,short,0.15884,0.15888,9.22,-0.0252,-0.0088,0.0003,cancel_tf,,1777568412371,
2026-04-30 18:00:12.562,HBAR/USDT,short,0.08831,0.08798,11.7,0.3737,0.038,0.00117188,div_exit,,1777557610795,
2026-04-30 20:00:10.422,ALGO/USDT,short,0.1106,0.1107,7.72,-0.0904,-0.0069,0.00077641,div_exit,,1777557611580,
2026-04-30 21:00:08.765,DOT/USDT,short,1.211,1.208,10.49,0.2477,0.0395,0.00012288000000000012,div_exit,,1777485613569,
2026-05-01 00:00:09.880,SOL/USDT,short,82.874,83.059,5.81,-0.2232,-0.011,0.0006,cancel_tf,,1777586410547,
2026-05-01 00:00:10.768,DOT/USDT,short,1.201,1.204,5.65,-0.2498,-0.0077,0.0006,div_exit,,1777586411659,
2026-05-01 01:00:10.816,RENDER/USDT,short,1.689,1.672,4.98,1.0065,0.0507,0.00201037,tf_exit,,1777485615370,
2026-05-01 01:00:11.670,STX/USDT,short,0.2203,0.2209,6.84,-0.2724,-0.0155,-0.0006,div_exit,,1777593612414,
2026-05-01 01:00:12.384,SAND/USDT,long,0.07194,0.07201,5.76,0.0973,0.0056,-0.0005784,tf_exit,,1777568414525,
2026-05-01 02:00:11.582,SEI/USDT,short,0.057,0.0576,10.23,-1.0526,-0.0862,-0.00022377,div_exit,,1777575613061,
2026-05-01 05:00:09.179,BNB/USDT,short,616.89,616.89,6.16,0.0,-0.0008,0.0006,div_exit,,1777604412272,
2026-05-01 05:00:09.918,ENA/USDT,long,0.1037,0.1035,6.65,-0.1929,-0.0074,-0.00033402,tf_exit,,1777600813590,
2026-05-01 05:00:10.716,INJ/USDT,long,3.448,3.46,6.91,0.348,0.022,0.0014,div_exit,,1777600814349,
2026-05-01 08:00:09.681,DOT/USDT,short,1.204,1.205,5.78,-0.0831,-0.0041,0.0006,div_exit,,1777597213599,
2026-05-01 08:00:10.509,TAO/USDT,long,250.86,255.1,8.9,1.6902,0.1483,-0.00044208,zone_exit,,1777600812789,
2026-05-01 09:00:09.876,RENDER/USDT,short,1.691,1.7,8.17,-0.5322,-0.0385,-0.00026841,tf_exit,,1777615211250,
2026-05-01 10:00:09.662,DOGE/USDT,long,0.10836,0.10762,5.05,-0.6829,-0.0333,-0.00015764,zone_exit,,1777604412990,
2026-05-01 10:00:10.404,ONDO/USDT,long,0.2666,0.2655,7.07,-0.4126,-0.0254,-0.00035458,div_exit,,1777615210475,
2026-05-01 10:00:11.198,ENA/USDT,long,0.1028,0.1018,5.77,-0.9728,-0.0527,0.0003,tf_exit,,1777626011468,
2026-05-01 12:00:14.675,XRP/USDT,short,1.3757,1.3772,5.5,-0.109,-0.0052,0.0003,tf_exit,,1777633212834,
2026-05-01 14:00:08.070,BNB/USDT,short,616.78,622.46,6.22,-0.9209,-0.0544,0.0006,tf_exit,,1777629612404,
2026-05-01 14:00:08.798,HBAR/USDT,short,0.08778,0.08845,12.37,-0.7633,-0.0882,0.0008191,tf_exit,,1777575612327,
2026-05-01 14:00:09.651,SEI/USDT,short,0.0571,0.0582,9.7,-1.9264,-0.1738,0.001,tf_exit,,1777629613126,
2026-05-01 14:00:10.441,OP/USDT,short,0.1219,0.1226,6.21,-0.5742,-0.0372,0.00061434,tf_exit,,1777615212229,
2026-05-01 16:00:07.793,ETC/USDT,short,8.367,8.485,9.32,-1.4103,-0.1215,0.0018389399999999998,zone_exit,,1777568413146,
2026-05-01 21:00:07.947,ENA/USDT,long,0.1025,0.1027,5.49,0.1951,0.0199,-0.00082998,tf_exit,,1777633213598,
2026-05-01 21:00:08.678,INJ/USDT,long,3.588,3.637,3.64,1.3657,0.0524,-0.00037037,div_exit,,1777633214374,
2026-05-01 23:00:09.595,BTC/USDT,short,76696.4,78088.3,7.81,-1.8148,-0.1412,-0.00413776,zone_exit,,1777471215176,
2026-05-01 23:00:10.403,ENA/USDT,long,0.103,0.1023,8.13,-0.6796,-0.0372,0.0004,tf_exit,,1777672808708,
2026-05-01 23:00:11.212,INJ/USDT,long,3.673,3.645,3.64,-0.7623,-0.0243,0.0004,zone_exit,,1777672810477,
2026-05-02 03:00:07.712,ONDO/USDT,long,0.2702,0.2692,10.47,-0.3701,-0.0393,-0.00157621,regime_change,,1777647611160,
2026-05-02 05:00:08.036,ENA/USDT,long,0.1025,0.1012,8.06,-1.2683,-0.0861,-0.00040942,tf_exit,,1777687207562,
2026-05-02 05:00:08.762,MANA/USDT,long,0.0898,0.0892,5.27,-0.6682,-0.0283,-0.00106291,tf_exit,,1777633215111,
2026-05-02 06:00:08.499,BNB/USDT,short,616.06,615.1,6.15,0.1558,0.0098,0.0006,div_exit,,1777694409751,
2026-05-02 07:00:08.815,ONDO/USDT,long,0.2694,0.2717,5.71,0.8537,0.0504,0.0003,regime_change,,1777694410491,
2026-05-02 07:00:09.669,SEI/USDT,long,0.0578,0.0575,6.74,-0.519,-0.0179,0.0007,div_exit,,1777690809798,
2026-05-02 08:00:09.445,ENA/USDT,long,0.1021,0.1015,6.1,-0.5877,-0.0247,0.0003,tf_exit,,1777705210955,
2026-05-02 12:00:08.088,ONDO/USDT,long,0.2716,0.2748,8.38,1.1782,0.0984,0.0004,div_exit,,1777712409143,
2026-05-02 12:00:08.917,ENA/USDT,long,0.1018,0.1008,6.06,-0.9823,-0.06,0.0003,tf_exit,,1777716009739,
2026-05-02 14:00:08.811,ONDO/USDT,long,0.2753,0.2814,6.86,2.2158,0.1404,0.0003,zone_exit,,1777726809032,
2026-05-02 15:00:08.605,OP/USDT,short,0.121,0.1225,10.19,-1.2397,-0.125,0.00099914,tf_exit,,1777687208267,
2026-05-02 17:00:07.423,ICP/USDT,short,2.333,2.364,9.84,-1.3288,-0.1211,0.00194801,not_operable,,1777690809076,
2026-05-02 17:00:08.183,DOGE/USDT,short,0.10939,0.10894,10.13,0.4114,0.0425,0.0015185200000000002,div_exit,,1777651209425,
2026-05-02 18:00:07.770,TRX/USDT,long,0.32892,0.33155,8.96,0.7996,0.08,-8.97e-06,div_exit,,1777708811135,
2026-05-02 21:00:07.180,MANA/USDT,long,0.0905,0.0906,5.98,0.1105,0.0138,0.0006,zone_exit,,1777737610076,
2026-05-02 23:00:07.727,ATOM/USDT,short,1.887,1.888,11.77,-0.053,-0.0024,-0.00116677,div_exit,,1777701609984,
2026-05-03 00:00:07.045,ENA/USDT,long,0.101,0.1025,5.44,1.4851,0.076,-0.00054627,tf_exit,,1777726809745,
2026-05-03 01:00:07.034,SEI/USDT,long,0.0585,0.0587,7.24,0.3419,0.0492,-0.00072773,tf_exit,,1777744809476,
2026-05-03 02:00:07.646,ENA/USDT,long,0.1029,0.1007,7.22,-2.138,-0.1457,0.0004,tf_exit,,1777770008540,
2026-05-03 04:00:06.861,DOGE/USDT,short,0.10755,0.10778,12.72,-0.2139,-0.0317,0.0006,div_exit,,1777773608911,
2026-05-03 07:00:06.323,BTC/USDT,long,78710.5,78247.3,7.82,-0.5885,-0.0464,-6.292e-05,regime_change,,1777759207979,
2026-05-03 10:00:07.691,ALGO/USDT,long,0.1118,0.1176,6.17,5.1878,0.3091,-0.00112915,regime_change,,1777759208747,
2026-05-03 14:00:09.329,MANA/USDT,short,0.0899,0.0894,9.27,0.5562,0.0723,0.00093718,regime_change,,1777780808590,
2026-05-03 17:00:09.977,FIL/USDT,long,0.924,0.923,6.1,-0.1082,0.0026,-0.00061027,tf_exit,,1777820410733,
2026-05-03 18:00:08.248,BTC/USDT,long,78318.3,78703.3,7.86,0.4916,0.0377,7.077e-05,regime_change,,1777795209273,
2026-05-03 18:00:08.960,ONDO/USDT,short,0.2752,0.2836,6.39,-3.0523,-0.1851,0.0006257,regime_change,,1777806009202,
2026-05-03 19:00:08.510,ICP/USDT,short,2.351,2.343,5.31,0.3403,0.0205,0.00016539,not_operable,,1777798809681,
2026-05-03 19:00:09.239,RENDER/USDT,long,1.701,1.813,6.99,6.5844,0.4334,-0.00273048,regime_change,,1777672809429,
2026-05-03 23:00:10.245,DOGE/USDT,short,0.10783,0.10926,12.66,-1.3262,-0.1615,0.00163051,tf_exit,,1777784408683,
2026-05-04 00:00:09.466,SEI/USDT,short,0.0578,0.0587,7.5,-1.5571,-0.1046,-0.00052044,zone_exit,,1777784409836,
2026-05-04 01:00:10.316,DOGE/USDT,short,0.10819,0.10903,6.31,-0.7764,-0.0417,0.0004,tf_exit,,1777852811854,
2026-05-04 01:00:11.064,TAO/USDT,long,287.31,288.41,5.19,0.3829,0.0194,-0.00021896999999999997,tf_exit,,1777813209491,
2026-05-04 01:00:11.794,ENA/USDT,long,0.1005,0.1006,5.83,0.0995,0.0106,-0.00058303,tf_exit,,1777834810871,
2026-05-04 02:00:10.299,SOL/USDT,short,83.827,84.877,5.93,-1.2526,-0.0625,0.0006,tf_exit,,1777852811111,
2026-05-04 05:00:10.046,UNI/USDT,long,3.234,3.443,3.44,6.4626,0.2101,-0.00124921,regime_change,,1777734009997,
2026-05-04 05:00:10.887,INJ/USDT,long,3.773,3.776,3.78,0.0795,0.0078,0.0003,zone_exit,,1777863610460,
2026-05-04 11:00:09.593,ADA/USDT,long,0.2531,0.2481,6.45,-1.9755,-0.1248,0.0002486,not_operable,,1777874412764,
2026-05-04 11:00:10.375,ETC/USDT,long,8.676,8.566,6.68,-1.2679,-0.0858,-0.00067561,div_exit,,1777874413722,
2026-05-04 12:00:10.463,ALGO/USDT,short,0.1119,0.1126,8.04,-0.6256,-0.0408,0.0008,zone_exit,,1777892411986,
2026-05-04 12:00:11.205,VET/USDT,long,0.00721,0.007171,9.08,-0.5409,-0.0384,-0.0018423699999999999,tf_exit,,1777834811594,
2026-05-04 14:00:09.601,ALGO/USDT,long,0.1126,0.1122,8.86,-0.3552,-0.0175,0.0009,tf_exit,,1777899612203,
2026-05-04 16:00:09.250,ENA/USDT,long,0.1023,0.1017,5.68,-0.5865,-0.0282,0.0003,tf_exit,,1777899611365,
2026-05-04 16:00:10.113,INJ/USDT,long,3.741,3.685,7.36,-1.4969,-0.1141,0.0014,tf_exit,,1777906809642,
2026-05-04 17:00:09.360,DOGE/USDT,long,0.11251,0.1105,5.08,-1.7865,-0.0921,-0.00052999,direction_reversal,,1777874412053,
2026-05-04 20:00:08.874,SUI/USDT,long,0.9403,0.9347,7.47,-0.5956,-0.0441,-0.00120513,div_exit,,1777878012223,
2026-05-04 21:00:08.713,ETC/USDT,long,8.63,8.686,11.64,0.6489,0.0778,-0.00054635,zone_exit,,1777896012820,
2026-05-04 21:00:09.443,ENA/USDT,long,0.102,0.1006,6.98,-1.3725,-0.0762,-0.00035354,tf_exit,,1777914011549,
2026-05-04 23:00:08.864,ENA/USDT,long,0.102,0.1003,7.16,-1.6667,-0.1121,0.0004,tf_exit,,1777932009898,
2026-05-05 02:00:08.525,BNB/USDT,short,622.46,624.58,6.25,-0.3406,-0.0257,0.0006,tf_exit,,1777939209600,
2026-05-05 04:00:09.437,VET/USDT,long,0.00722,0.007209,7.33,-0.1524,-0.0112,0.0007,div_exit,,1777950009553,
2026-05-05 05:00:08.585,DOGE/USDT,short,0.1105,0.11134,11.35,-0.7602,-0.0884,0.0011223,div_exit,,1777914010806,
2026-05-05 05:00:09.483,SUI/USDT,long,0.9372,0.9393,6.57,0.2241,0.0182,0.0004,div_exit,,1777950008835,
2026-05-05 07:00:09.020,VET/USDT,long,0.00724,0.007238,5.52,-0.0276,-0.0021,0.0006,div_exit,,1777960811839,
2026-05-05 08:00:09.686,DOGE/USDT,short,0.11167,0.11143,8.91,0.2149,0.0216,0.0009,div_exit,,1777960810728,
2026-05-05 10:00:09.601,AAVE/USDT,long,93.41,92.8,9.28,-0.653,-0.06,0.0009,div_exit,,1777971610741,
2026-05-05 12:00:08.610,ETC/USDT,long,8.803,8.948,7.15,1.6472,0.116,-0.00070536,div_exit,,1777957211057,
2026-05-05 23:00:09.834,MANA/USDT,long,0.0874,0.0901,6.23,3.0892,0.2035,-0.0018288900000000001,zone_exit,,1777935610355,
2026-05-06 01:00:10.497,RENDER/USDT,long,1.837,1.891,6.86,2.9396,0.1996,-0.00436921,tf_exit,,1777842009982,
2026-05-06 03:00:10.394,ATOM/USDT,short,1.88,1.903,9.43,-1.2234,-0.114,0.00382209,div_exit,,1777845610394,
2026-05-06 10:00:10.266,ENA/USDT,long,0.1005,0.116,7.93,15.4229,1.0722,-0.0029600299999999998,regime_change,,1777942809474,
2026-05-06 10:00:11.021,THETA/USDT,long,0.2176,0.2181,5.49,0.2298,0.0136,-0.00054633,div_exit,,1778040011477,
2026-05-06 12:00:12.282,POL/USDT,short,0.09962,0.0996,5.58,0.0201,0.0017,0.0003,tf_exit,,1778065211997,
2026-05-06 16:00:10.802,ADA/USDT,long,0.2568,0.2674,12.31,4.1277,0.5014,0.00012076999999999997,div_exit,,1777971609991,
2026-05-06 17:00:11.242,ETC/USDT,long,9.266,9.337,5.5,0.7662,0.036,-0.00110301,div_exit,,1778040010695,
2026-05-06 18:00:10.384,THETA/USDT,long,0.2189,0.2133,5.44,-2.5582,-0.1374,-0.00054645,tf_exit,,1778065212731,
2026-05-06 19:00:12.391,LINK/USDT,long,9.962,9.956,4.97,-0.0602,-0.002,-0.0005016,tf_exit,,1778076012624,
2026-05-06 20:00:10.728,GRT/USDT,long,0.02628,0.02625,6.19,-0.1142,-0.0087,0.0006,tf_exit,,1778090413575,
2026-05-06 21:00:10.395,INJ/USDT,short,3.84,3.869,3.86,-0.7552,-0.029,0.00071469,tf_exit,,1778079613726,
2026-05-07 00:00:11.111,ETC/USDT,long,9.275,9.389,7.7,1.2291,0.0968,0.0008,zone_exit,,1778090411881,
2026-05-07 01:00:09.936,BTC/USDT,long,78737.8,80976.7,8.09,2.8435,0.2241,0.00671959,tf_exit,,1777838411998,
2026-05-07 01:00:10.660,RENDER/USDT,long,1.961,1.93,6.35,-1.5808,-0.0987,-0.0006424600000000001,tf_exit,,1778090412754,
2026-05-07 01:00:11.400,SAND/USDT,long,0.07644,0.07719,5.55,0.9812,0.0558,-0.00111611,tf_exit,,1778076014667,
2026-05-07 02:00:11.748,DOT/USDT,long,1.301,1.295,5.44,-0.4612,-0.0219,-0.0011029500000000001,tf_exit,,1778076013894,
2026-05-07 03:00:10.459,ONDO/USDT,short,0.3187,0.319,6.13,-0.0941,-0.0045,0.0003,zone_exit,,1778115612689,
2026-05-07 04:00:09.757,WLD/USDT,long,0.2552,0.2488,8.79,-2.5078,-0.2152,-0.00090682,tf_exit,,1778108411721,
2026-05-07 06:00:09.586,POL/USDT,short,0.09825,0.09947,12.37,-1.2417,-0.1542,0.00042945,tf_exit,,1778119213133,
2026-05-07 08:00:12.300,DOT/USDT,long,1.329,1.324,6.49,-0.3762,-0.0196,0.0007,div_exit,,1778137210087,
2026-05-07 08:00:13.085,NEAR/USDT,long,1.486,1.5023,4.51,1.0969,0.054,-0.00044647,div_exit,,1778108411012,
2026-05-07 09:00:10.877,SOL/USDT,long,90.151,89.526,5.36,-0.6933,-0.0413,-0.0008,div_exit,,1778140814627,
2026-05-07 14:00:09.836,DOGE/USDT,short,0.11274,0.10941,5.14,2.9537,0.1574,0.0015843200000000002,div_exit,,1778076011898,
2026-05-07 14:00:10.656,DOT/USDT,long,1.322,1.316,6.18,-0.4539,-0.0272,0.0006,div_exit,,1778144412604,
2026-05-07 14:00:11.379,INJ/USDT,short,3.85,3.892,11.66,-1.0909,-0.117,0.00083648,div_exit,,1778115613468,
2026-05-07 15:00:11.488,WLD/USDT,long,0.2591,0.2521,6.2,-2.7017,-0.1651,-0.00048642,tf_exit,,1778137210828,
2026-05-07 16:00:10.388,ADA/USDT,long,0.2667,0.2616,10.2,-1.9123,-0.1989,-0.0003,tf_exit,,1778148011011,
2026-05-07 16:00:11.434,VET/USDT,long,0.007846,0.007718,11.83,-1.6314,-0.2072,0.0012,sl_hit,,1778166013808,
2026-05-07 17:00:10.134,INJ/USDT,short,3.82,3.826,3.82,-0.1571,-0.005,0.0004,div_exit,,1778169612744,
2026-05-07 18:00:09.745,DOGE/USDT,short,0.10891,0.10798,11.98,0.8539,0.1088,0.00119811,div_exit,,1778166012995,
2026-05-07 21:00:09.239,ALGO/USDT,long,0.1291,0.126,5.55,-2.4012,-0.1276,-0.0010849100000000001,div_exit,,1778137211843,
2026-05-07 21:00:09.972,RENDER/USDT,long,1.973,1.929,7.46,-2.2301,-0.1694,-0.00153145,zone_exit,,1778137212582,
2026-05-07 21:00:10.796,VET/USDT,long,0.007666,0.007593,11.65,-0.9523,-0.1059,0.0012,tf_exit,,1778173211639,
2026-05-07 23:00:11.048,SEI/USDT,short,0.0601,0.0604,5.42,-0.4992,-0.02,0.0005,zone_exit_mr,,1778191212220,
2026-05-08 00:00:08.369,INJ/USDT,short,3.826,3.842,7.68,-0.4182,-0.0307,0.0015,div_exit,,1778191213030,
2026-05-08 01:00:08.194,STX/USDT,long,0.2487,0.2567,8.46,3.2167,0.2583,0.00113749,below_min_order_5.0usdt,,1778191213775,
2026-05-08 02:00:08.557,NEAR/USDT,long,1.4687,1.4682,8.81,-0.034,-0.0002,-0.0008819,div_exit,,1778180411087,
2026-05-08 02:00:09.266,MANA/USDT,short,0.091,0.0924,11.89,-1.5385,-0.1579,0.00356465,tf_exit,,1778126411070,
2026-05-08 04:00:08.072,INJ/USDT,short,3.825,3.868,7.73,-1.1242,-0.0882,0.0017,tf_exit,,1778205611289,
2026-05-08 05:00:09.016,POL/USDT,short,0.09862,0.0989,5.19,-0.2839,-0.0175,0.00025837,tf_exit,,1778202009589,
2026-05-08 06:00:08.131,VET/USDT,long,0.007575,0.007558,7.32,-0.2244,-0.0039,0.0007,tf_exit,,1778212809914,
2026-05-08 08:00:07.280,OP/USDT,short,0.1481,0.1504,6.26,-1.553,-0.0998,0.0006,sl_hit,,1778205610544,
2026-05-08 12:00:07.961,DOGE/USDT,short,0.108,0.10733,12.02,0.6204,0.0717,0.00239772,zone_exit,,1778180410250,
2026-05-08 12:00:08.838,OP/USDT,short,0.1497,0.1518,5.48,-1.4028,-0.0773,0.0005,sl_hit,,1778234408110,
2026-05-08 14:00:08.889,INJ/USDT,long,4.117,4.042,4.03,-1.8217,-0.0775,0.0004,div_exit,,1778245209191,
2026-05-08 14:00:09.724,FET/USDT,long,0.2045,0.2244,6.27,9.7311,0.5434,-0.00703182,regime_change,,1777737609331,
2026-05-08 14:00:10.471,THETA/USDT,long,0.2167,0.2152,9.66,-0.6922,-0.0629,-0.00096939,zone_exit,,1778216410525,
2026-05-08 15:00:11.167,OP/USDT,short,0.1494,0.1508,5.52,-0.9371,-0.0406,0.0005,div_exit,,1778248811757,
2026-05-08 17:00:11.648,ENA/USDT,long,0.1216,0.1233,5.26,1.398,0.0852,-0.00052712,zone_exit,,1778227209539,
2026-05-08 17:00:12.486,APT/USDT,long,1.0748,1.0653,6.39,-0.8839,-0.0546,0.0006,div_exit,,1778256010961,
2026-05-08 18:00:10.206,LINK/USDT,long,9.888,10.289,9.26,4.0554,0.3627,-0.00090792,div_exit,,1778227208784,
2026-05-09 00:00:09.118,INJ/USDT,long,4.181,4.224,4.23,1.0285,0.0493,0.0005,zone_exit,,1778256011727,
2026-05-09 04:00:08.950,ALGO/USDT,long,0.127,0.1318,6.45,3.7795,0.2469,-0.00253438,div_exit,,1778191211499,
2026-05-09 05:00:09.238,TAO/USDT,long,312.64,311.87,10.13,-0.2463,-0.0222,-0.0015297800000000001,cancel_tf,,1778259613943,
2026-05-09 05:00:10.204,IMX/USDT,long,0.1812,0.1913,6.32,5.574,0.3432,-0.00123193,tf_exit,,1778252412873,
2026-05-09 07:00:10.636,VET/USDT,long,0.007965,0.007796,5.03,-2.1218,-0.1124,0.0005,sl_hit,,1778302812436,
2026-05-09 08:00:09.946,THETA/USDT,long,0.2253,0.236,7.99,4.7492,0.3596,-0.00079504,zone_exit,,1778256012613,
2026-05-09 10:00:09.411,ADA/USDT,long,0.2759,0.2728,7.37,-1.1236,-0.0783,-7.425e-05,tf_exit,,1778306411538,
2026-05-09 10:00:10.191,ETC/USDT,long,9.272,9.602,12.48,3.5591,0.4342,-0.00500297,tf_exit,,1778209210706,
2026-05-09 10:00:11.015,APT/USDT,long,1.1189,1.102,7.26,-1.5104,-0.1148,0.0007,tf_exit,,1778313611585,
2026-05-09 12:00:09.445,APT/USDT,long,1.1042,1.1011,10.02,-0.2807,-0.0255,0.001,tf_exit,,1778324411220,
2026-05-09 13:00:09.811,MANA/USDT,long,0.0982,0.0969,5.04,-1.3238,-0.0608,-0.0005088,cancel_tf,,1778306413372,
2026-05-09 14:00:09.616,LINK/USDT,long,10.295,10.398,6.23,1.0005,0.0612,-0.00124811,tf_exit,,1778274009719,
2026-05-09 15:00:09.447,APT/USDT,long,1.104,1.0999,10.55,-0.3714,-0.0422,0.0011,tf_exit,,1778331611186,
2026-05-09 15:00:10.181,SAND/USDT,long,0.08165,0.08032,5.77,-1.6289,-0.1001,-0.0011755,tf_exit,,1778274010464,
2026-05-09 18:00:08.984,DOGE/USDT,short,0.10856,0.10944,6.78,-0.8106,-0.0527,0.0007,tf_exit,,1778342409734,
2026-05-09 20:00:08.708,ALGO/USDT,long,0.1311,0.1303,5.12,-0.6102,-0.0275,-0.0010210100000000001,div_exit,,1778306412631,
2026-05-09 21:00:08.679,AVAX/USDT,long,9.936,9.959,9.95,0.2315,0.021,-0.00085538,cancel_tf,,1778328010872,
2026-05-09 23:00:09.462,BNB/USDT,long,648.32,650.77,6.5,0.3779,0.0252,0.0001,zone_exit,,1778346009514,
2026-05-10 00:00:08.775,APT/USDT,long,1.1001,1.1021,11.47,0.1818,0.0312,0.0011,tf_exit,,1778342410465,
2026-05-10 00:00:09.596,ALGO/USDT,long,0.1294,0.1284,5.23,-0.7728,-0.0323,0.0005,tf_exit,,1778364010404,
2026-05-10 01:00:10.435,NEAR/USDT,long,1.5577,1.5541,7.76,-0.2311,-0.0224,-0.00078355,div_exit,,1778353213387,
2026-05-10 01:00:11.194,ICP/USDT,long,2.952,3.502,6.64,18.6314,1.0408,-0.00455857,tf_exit,,1778176811074,
2026-05-10 01:00:11.960,GRT/USDT,long,0.02712,0.02688,11.8,-0.885,-0.101,-0.00119036,sl_hit,,1778349611124,
2026-05-10 02:00:11.629,RENDER/USDT,short,1.994,1.985,7.77,0.4514,0.0392,0.0004,zone_exit,,1778374814063,
2026-05-10 03:00:10.318,ICP/USDT,long,3.546,3.512,6.18,-0.9588,-0.0552,0.0001,tf_exit,,1778378412957,
2026-05-10 03:00:11.035,OP/USDT,short,0.1643,0.1627,5.98,0.9738,0.0602,0.00060094,div_exit,,1778349610419,
2026-05-10 05:00:09.498,BTC/USDT,short,80220.7,80714.9,8.07,-0.6161,-0.0505,-0.00089272,zone_exit,,1778310012284,
2026-05-10 05:00:10.278,ONDO/USDT,short,0.4177,0.4136,5.49,0.9816,0.0518,0.00027225,tf_exit,,1778371211004,
2026-05-10 06:00:09.269,NEAR/USDT,long,1.5547,1.5522,6.21,-0.1608,-0.0054,0.0006,div_exit,,1778385612145,
2026-05-10 09:00:08.684,TAO/USDT,long,313.62,314.9,6.98,0.4081,0.0233,-0.0003478,cancel_tf,,1778385611354,
2026-05-10 09:00:09.425,ONDO/USDT,short,0.4108,0.4071,5.48,0.9007,0.0509,0.0011713499999999998,tf_exit,,0,
2026-05-10 09:00:10.157,OP/USDT,short,0.162,0.1617,5.24,0.1852,0.0065,0.00052066,div_exit,,1778385612910,
2026-05-10 10:00:11.934,SUI/USDT,long,1.1251,1.1238,5.61,-0.1155,-0.013,0.0006,div_exit,,1778403611428,
2026-05-10 12:00:09.147,DOGE/USDT,short,0.10932,0.10816,6.49,1.0611,0.0688,0.00121203,div_exit,,1778364009686,
2026-05-10 13:00:08.891,SUI/USDT,long,1.1398,1.1257,4.49,-1.2371,-0.0595,0.0005,div_exit,,1778410810274,
2026-05-10 13:00:09.652,APT/USDT,long,1.0954,1.1063,10.94,0.9951,0.1033,-0.00108553,tf_exit,,1778382012301,
2026-05-10 13:00:10.382,SEI/USDT,short,0.0684,0.0683,6.2,0.1462,0.015,0.00061775,cancel_mr,,1778378413674,
2026-05-10 16:00:08.833,ONDO/USDT,short,0.4129,0.4166,5.71,-0.8961,-0.0521,0.0003,tf_exit,,1778421611053,
2026-05-10 16:00:09.688,ALGO/USDT,short,0.1285,0.1291,8.61,-0.4669,-0.0466,0.0009,tf_exit,,1778410810993,
2026-05-10 17:00:09.187,DOGE/USDT,short,0.10823,0.10968,12.93,-1.3397,-0.164,0.00128686,tf_exit,,1778421610336,
2026-05-10 17:00:09.911,OP/USDT,short,0.1616,0.1645,9.22,-1.7946,-0.1597,0.00091354,sl_hit,,1778407213208,
2026-05-10 19:00:10.508,LINK/USDT,long,10.796,10.776,8.62,-0.1853,-0.0117,0.0009,div_exit,,1778436010405,
2026-05-10 19:00:11.298,INJ/USDT,long,4.334,4.355,4.35,0.4845,0.0244,0.0004,div_exit,,1778436012562,
2026-05-10 20:00:11.101,SHIB/USDT,long,6.641e-06,6.606e-06,8.75,-0.527,-0.047,0.0009,div_exit,,1778436011800,
2026-05-10 21:00:08.804,APT/USDT,long,1.1159,1.1797,10.93,5.7174,0.5568,-0.00104476,tf_exit,,1778421612094,
2026-05-10 21:00:09.521,VET/USDT,long,0.007754,0.007785,9.7,0.3998,0.0408,-0.00098288,sl_hit,,1778403612197,
2026-05-10 22:00:12.424,OP/USDT,short,0.1597,0.1613,10.94,-1.0019,-0.122,0.0011,div_exit,,1778446813035,
2026-05-10 23:00:09.525,UNI/USDT,short,3.915,4.0,3.98,-2.1711,-0.0739,0.0004,sl_hit,,1778446811325,
2026-05-10 23:00:10.335,ONDO/USDT,short,0.4094,0.4264,8.71,-4.1524,-0.3627,0.0004,tf_exit,,1778446812304,
2026-05-11 00:00:11.116,APT/USDT,long,1.1611,1.151,7.13,-0.8699,-0.0589,0.0007,tf_exit,,1778454011418,
2026-05-11 01:00:08.778,VET/USDT,long,0.007917,0.007815,12.56,-1.2884,-0.161,-0.0012713,sl_hit,,1778454012114,
2026-05-11 03:00:08.533,LINK/USDT,long,10.537,10.565,11.61,0.2657,0.0263,-0.00117832,tf_exit,,1778446810578,
2026-05-11 03:00:09.358,RENDER/USDT,short,1.991,1.972,6.77,0.9543,0.0746,0.0003,zone_exit,,1778461210058,
2026-05-11 04:00:09.044,SAND/USDT,long,0.08167,0.08122,5.52,-0.551,-0.0306,-0.00112379,tf_exit,,1778421612820,
2026-05-11 05:00:08.006,OP/USDT,short,0.1616,0.1601,11.95,0.9282,0.1133,0.0012,zone_exit,,1778461211541,
2026-05-11 06:00:10.382,SEI/USDT,short,0.0742,0.076,6.76,-2.4259,-0.1563,0.0007,sl_hit,,1778461210770,
2026-05-11 08:00:08.506,ALGO/USDT,long,0.1242,0.1227,7.02,-1.2077,-0.0686,0.0003,tf_exit,,1778479211796,
2026-05-11 09:00:09.018,APT/USDT,long,1.1287,1.1189,6.82,-0.8683,-0.0604,0.0007,tf_exit,,1778486409875,
2026-05-11 09:00:09.750,SAND/USDT,long,0.0816,0.08183,12.76,0.2819,0.0359,-0.00127636,tf_exit,,1778475609872,
2026-05-11 10:00:08.881,ICP/USDT,short,3.331,3.439,13.62,-3.2423,-0.435,0.00112543,tf_exit,,1778475609089,
2026-05-11 11:00:08.730,ETC/USDT,long,9.589,9.703,9.21,1.1889,0.1045,-0.00340718,tf_exit,,1778374813352,
2026-05-11 11:00:09.525,APT/USDT,long,1.1308,1.1244,8.43,-0.566,-0.0487,0.0008,tf_exit,,1778493610167,
2026-05-11 13:00:07.794,APT/USDT,long,1.1232,1.1184,9.62,-0.4274,-0.0377,0.001,tf_exit,,1778500808806,
2026-05-11 13:00:08.883,IMX/USDT,long,0.1895,0.1889,6.23,-0.3166,-0.0165,-0.0006248499999999999,tf_exit,,1778479213275,
2026-05-11 13:00:09.684,INJ/USDT,long,4.32,4.447,4.44,2.9398,0.1228,0.0002,div_exit,,1778490011313,
2026-05-11 14:00:09.484,VET/USDT,long,0.007774,0.007687,7.04,-1.1191,-0.077,-0.00071091,sl_hit,,1778479212501,
2026-05-11 16:00:08.450,TAO/USDT,short,320.89,324.1,9.95,-1.0003,-0.101,0.0005,cancel_tf,,1778508010557,
2026-05-11 19:00:08.866,VET/USDT,long,0.007751,0.007739,13.13,-0.1548,-0.0214,0.0013,tf_exit,,1778522409761,
2026-05-11 19:00:09.671,INJ/USDT,long,4.384,4.486,8.97,2.3266,0.206,0.0009,div_exit,,1778518808802,
2026-05-11 21:00:08.881,AVAX/USDT,long,10.089,10.181,10.18,0.9119,0.0928,-0.00121468,cancel_tf,,1778482811334,
2026-05-11 21:00:09.733,APT/USDT,long,1.1269,1.1329,9.4,0.5324,0.0481,0.0009,tf_exit,,1778515209542,
2026-05-12 00:00:09.574,APT/USDT,long,1.1303,1.1273,10.37,-0.2654,-0.0233,0.001,tf_exit,,1778540410362,
2026-05-12 02:00:10.276,SOL/USDT,long,97.577,96.203,9.62,-1.4081,-0.1331,0.00075904,sl_hit,,1778540409640,
2026-05-12 02:00:11.088,SUI/USDT,long,1.3045,1.2682,6.34,-2.7827,-0.177,0.0007,cancel_tf,,1778547609076,
2026-05-12 02:00:11.904,AVAX/USDT,long,10.148,10.016,10.01,-1.3007,-0.1285,0.001,tf_exit,,1778547609826,
2026-05-12 03:00:10.998,ONDO/USDT,short,0.4349,0.4351,6.64,-0.046,-0.0191,0.0003,tf_exit,,1778551213046,
2026-05-12 04:00:10.535,VET/USDT,long,0.007714,0.007668,13.62,-0.5963,-0.0711,0.0014,tf_exit,,1778554812708,
2026-05-12 05:00:12.110,INJ/USDT,short,4.575,4.613,4.61,-0.8306,-0.039,0.0002,sl_hit,,1778547610626,
2026-05-12 07:00:09.271,GRT/USDT,long,0.02878,0.02843,9.87,-1.2161,-0.1111,0.001,zone_exit_mr,,1778558414276,
2026-05-12 11:00:09.274,SEI/USDT,short,0.0735,0.0715,5.06,2.7211,0.1498,0.0005136,zone_exit_mr,,1778558412700,
2026-05-12 11:00:10.276,OP/USDT,long,0.1551,0.1544,11.44,-0.4513,-0.0371,-0.0011561,sl_hit,,1778558413485,
2026-05-12 12:00:09.768,SUI/USDT,long,1.2953,1.2348,6.17,-4.6707,-0.3023,-0.00063825,sl_hit,,0,
2026-05-12 16:00:08.877,MANA/USDT,long,0.1008,0.09622399999999999,0.0,-4.5397,0.0,0.0,sl_trigger_reconstructed,reconstructed,1778572809635,
2026-05-12 19:00:09.551,WLD/USDT,short,0.2645,0.2659,6.75,-0.5293,-0.0355,-0.00038077,zone_exit,,1778598009740,
2026-05-12 21:00:09.043,ENA/USDT,short,0.1262,0.1218,5.69,3.4865,0.2139,-0.0005121899999999999,cancel_tf,,0,
2026-05-13 00:00:08.633,AAVE/USDT,long,95.75,96.65,9.66,0.9399,0.092,0.0009,tf_exit,,1778608809780,
2026-05-13 01:00:09.009,AVAX/USDT,short,9.852,9.871,9.87,-0.1929,-0.0199,0.00096334,tf_exit,,1778619610351,
2026-05-13 04:00:08.214,OP/USDT,long,0.1521,0.1546,11.4,1.6437,0.1935,-0.00112097,div_exit,,1778612411608,
2026-05-13 04:00:09.103,IMX/USDT,long,0.1911,0.1902,5.33,-0.471,-0.0112,0.0003,div_exit,,1778641209430,2
2026-05-13 06:00:10.866,BTC/USDT,long,80647.1,80987.3,8.09,0.4218,0.0342,0.00022529,zone_exit,,1778612410895,
2026-05-13 06:00:11.698,UNI/USDT,long,3.738,3.798,11.4,1.6051,0.183,-0.00073378,sl_hit,,1778608809043,
2026-05-13 06:00:12.573,WLD/USDT,long,0.2677,0.2746,6.25,2.5775,0.163,0.0006,div_exit,,1778630410313,
2026-05-13 08:00:08.149,ICP/USDT,short,3.378,3.269,5.91,3.2268,0.2017,0.0020834300000000003,tf_exit,,1778529610024,
2026-05-13 09:00:08.409,VET/USDT,short,0.007621,0.007645,6.83,-0.3149,-0.0214,0.00068194,tf_exit,,1778648410962,0
2026-05-13 11:00:08.998,ENA/USDT,long,0.1254,0.1223,9.59,-2.4721,-0.2358,0.0005,cancel_tf,,1778666411886,1
2026-05-13 11:00:09.739,SEI/USDT,long,0.0699,0.0697,9.34,-0.2861,-0.0178,-0.00094794,sl_hit,,1778634010528,2
2026-05-13 12:00:09.923,TAO/USDT,short,310.36,303.09,5.24,2.3424,0.1233,0.00026433,zone_exit,,1778648410148,2
2026-05-13 13:00:10.320,WLD/USDT,long,0.2806,0.267914,0.0,-4.521,0.0,0.0,sl_trigger_reconstructed,reconstructed,1778662810629,2
2026-05-13 15:00:09.476,MANA/USDT,long,0.0993,0.0966,6.37,-2.719,-0.1811,-0.00066001,div_exit,,1778648411770,2
2026-05-13 15:00:10.233,RENDER/USDT,short,1.925,1.892,10.84,1.7143,0.201,0.00054885,low_confidence,,1778670011329,1
2026-05-13 16:00:09.052,AAVE/USDT,long,97.99,94.45,9.45,-3.6126,-0.342,-0.0009814,tf_exit,,1778637610068,1
2026-05-13 17:00:08.663,BNB/USDT,long,682.92,670.08,6.69,-1.8802,-0.131,0.00021245,div_exit,,1778662809828,1
2026-05-13 17:00:09.444,SUI/USDT,short,1.2453,1.2094,7.25,2.8828,0.2172,-0.00042490000000000003,div_exit,,0,
2026-05-13 17:00:10.178,IMX/USDT,short,0.1902,0.1869,5.59,1.735,0.1136,0.00027567,div_exit,,1778680810358,2
2026-05-13 19:00:10.062,ENA/USDT,short,0.1149,0.118,7.25,-2.698,-0.1965,0.0,zone_exit,,1778688011065,1
2026-05-13 22:00:08.238,AAVE/USDT,long,95.82,95.37,9.53,-0.4696,-0.05,0.001,tf_exit,,1778695212602,1
2026-05-13 23:00:08.009,SUI/USDT,short,1.2079,1.206,10.84,0.1573,0.0226,0.0011,div_exit,,1778706008877,0
2026-05-14 01:00:08.808,VET/USDT,short,0.007359,0.007323,9.21,0.4892,0.0368,0.0018260099999999999,sl_hit,,1778680809637,0
2026-05-14 03:00:08.638,DOGE/USDT,long,0.11325,0.11333,11.22,0.0706,0.0158,-0.0010368,div_exit,,1778695211560,2
2026-05-14 04:00:09.029,BNB/USDT,long,670.67,665.76,6.65,-0.7321,-0.049,0.00050357,tf_exit,,1778695210608,1
2026-05-14 04:00:09.945,AAVE/USDT,long,97.12,95.52,9.55,-1.6474,-0.16,0.001,tf_exit,,1778720410232,1
2026-05-14 06:00:08.859,DOGE/USDT,short,0.11232,0.11506,10.0,-2.4395,-0.2376,0.0007,tf_exit,,1778731211372,2
2026-05-14 06:00:09.678,AVAX/USDT,short,9.726,9.775,9.77,-0.5038,-0.052,0.001,sl_hit,,1778727610254,1
2026-05-14 09:00:08.972,ONDO/USDT,long,0.385,0.3837,8.96,-0.3377,-0.032,0.0004,tf_exit,,1778745609221,1
2026-05-14 10:00:10.147,ENA/USDT,short,0.1166,0.1162,9.07,0.3431,0.0371,0.0005,zone_exit,,1778749210349,1
2026-05-14 12:00:08.291,UNI/USDT,long,3.613,3.581,10.75,-0.8857,-0.09,-0.00051727,sl_hit,,1778738410838,0
2026-05-14 13:00:09.526,DOGE/USDT,short,0.11384,0.11523,8.98,-1.221,-0.1084,0.0007,tf_exit,,1778745608496,2
2026-05-14 13:00:10.347,VET/USDT,short,0.007236,0.007302,10.54,-0.9121,-0.097,0.001,sl_hit,,1778749211075,0
2026-05-14 15:00:08.836,DOGE/USDT,short,0.11424,0.11496,8.5,-0.6303,-0.0503,0.0008,tf_exit,,1778767210192,2
2026-05-14 15:00:09.651,RENDER/USDT,short,1.852,1.91,7.68,-3.1317,-0.226,0.0004,tf_exit,,1778760009991,0
2026-05-14 17:00:09.645,FET/USDT,short,0.2103,0.2188,12.47,-4.0418,-0.4885,0.00123965,sl_hit,,1778767210950,2
2026-05-14 19:00:08.268,VET/USDT,short,0.007427,0.007496,7.04,-0.929,-0.0653,0.0007,sl_hit,,1778774410793,0
2026-05-14 22:00:09.164,ENA/USDT,long,0.1234,0.1215,5.08,-1.5397,-0.0724,-0.00025656,zone_exit,,1778774409999,1
2026-05-14 23:00:08.875,LINK/USDT,long,10.638,10.532,6.32,-0.9964,-0.0552,0.0006,zone_exit,,1778774409217,1
2026-05-15 00:00:11.699,SEI/USDT,long,0.0676,0.067,6.16,-0.8876,-0.0492,-0.0,zone_exit_mr,,1778774411552,2
2026-05-15 01:00:09.569,SUI/USDT,short,1.1873,1.1953,5.97,-0.6738,-0.0338,0.0006,div_exit,,1778803213591,0
2026-05-15 01:00:10.346,APT/USDT,short,1.0578,1.058,5.81,-0.0189,0.0012,0.00057832,tf_exit,,1778799611228,0
2026-05-15 01:00:11.071,MANA/USDT,long,0.098,0.0964,11.47,-1.6327,-0.1873,-0.00113927,div_exit,,1778785209989,2
2026-05-15 02:00:12.119,AAVE/USDT,long,97.12,97.9,9.79,0.8031,0.0789,-0.00279796,tf_exit,,1778738411542,1
2026-05-15 03:00:11.751,SUI/USDT,short,1.1859,1.1869,7.12,-0.0843,-0.0086,0.0006,div_exit,,1778810413757,0
2026-05-15 03:00:12.567,INJ/USDT,long,5.169,5.256,5.24,1.6831,0.0797,0.0002,zone_exit,,1778806812508,1
2026-05-15 06:00:09.393,ETC/USDT,long,9.511,9.269,5.65,-2.5444,-0.1458,-0.00057749,tf_exit,,1778799610496,1
2026-05-15 06:00:10.228,SAND/USDT,long,0.07894,0.07667,8.36,-2.8756,-0.2399,0.0009,tf_exit,,1778810415316,1
2026-05-15 06:00:11.029,MANA/USDT,long,0.0961,0.0935,6.45,-2.7055,-0.1748,0.0007,tf_exit,,1778814014209,2
2026-05-15 07:00:10.708,SUI/USDT,short,1.176,1.1541,9.23,1.8622,0.1744,0.0009,div_exit,,1778817610896,0
2026-05-15 07:00:11.536,APT/USDT,short,1.0483,1.0187,8.35,2.8236,0.2435,0.0009,div_exit,,1778810414516,0
2026-05-15 09:00:10.656,AAVE/USDT,long,97.02,96.5,9.64,-0.536,-0.054,0.001,tf_exit,,1778832011856,1
2026-05-15 09:00:11.568,SAND/USDT,long,0.07751,0.07692,9.85,-0.7612,-0.0679,0.0007,tf_exit,,1778832013382,1
2026-05-15 10:00:09.860,BTC/USDT,short,80161.0,80381.9,8.04,-0.2756,-0.0295,-0.00131365,zone_exit,,1778677209975,1
2026-05-15 14:00:09.997,BNB/USDT,long,678.22,670.41,6.71,-1.1515,-0.0708,-0.0003834,tf_exit,,1778763611748,1
2026-05-15 15:00:09.945,SAND/USDT,short,0.0766,0.07423,4.89,3.094,0.1578,-0.0002,div_exit,,1778839211265,1
2026-05-15 16:00:10.342,SUI/USDT,short,1.1362,1.0885,9.79,4.1982,0.4347,0.001,zone_exit,,1778842810709,0
2026-05-15 17:00:09.864,WLD/USDT,short,0.2411,0.245,9.42,-1.6176,-0.1543,-0.00126579,sl_hit,,1778857211632,1
2026-05-15 17:00:10.609,APT/USDT,short,1.0162,0.9934,5.26,2.2437,0.1187,-0.00039074,tf_exit,,1778846411136,0
2026-05-15 17:00:11.342,VET/USDT,short,0.007375,0.007035,5.54,4.6102,0.2674,0.00170067,sl_hit,,1778799611988,0
2026-05-15 21:00:09.392,DOGE/USDT,short,0.11455,0.11312,10.51,1.2484,0.1336,0.00141092,div_exit,,1778828413005,2
2026-05-15 22:00:09.732,UNI/USDT,long,3.628,3.588,3.58,-1.1025,-0.041,0.0004,sl_hit,,1778864413827,0
2026-05-15 23:00:09.846,ARB/USDT,short,0.1259,0.1247,7.16,0.9531,0.0632,0.0007,tf_exit,,1778871612356,0
2026-05-16 00:00:10.044,IMX/USDT,short,0.1967,0.185,4.81,5.9481,0.2964,0.00101407,zone_exit,,1778821210166,2
2026-05-16 01:00:09.232,APT/USDT,short,0.9973,0.9886,7.21,0.8724,0.065,0.00047573,tf_exit,,1778871611507,0
2026-05-16 04:00:09.643,RENDER/USDT,long,1.901,1.895,8.37,-0.3156,-0.0309,0.0004,div_exit,,1778896810634,2
2026-05-16 05:00:09.223,DOGE/USDT,short,0.11286,0.11168,5.36,1.0455,0.0566,0.0004,div_exit,,1778893210649,2
2026-05-16 06:00:10.945,XLM/USDT,short,0.15537,0.1532,6.73,1.3967,0.098,0.00040805,zone_exit,,1778864413119,0
2026-05-16 09:00:09.609,BTC/USDT,long,79434.5,78397.5,7.83,-1.3055,-0.1042,0.00049684,zone_exit,,1778868013196,1
2026-05-16 10:00:12.370,UNI/USDT,long,3.541,3.487,3.49,-1.525,-0.05,-0.0001,sl_hit,,1778922012675,0
2026-05-16 12:00:09.501,DOGE/USDT,short,0.11001,0.10889,6.86,1.0181,0.0687,0.0006,div_exit,,1778922010988,2
2026-05-16 14:00:09.819,VET/USDT,short,0.006843,0.006829,7.01,0.2046,0.0164,0.0007,sl_hit,,1778922013436,0
2026-05-16 16:00:09.775,SOL/USDT,short,89.717,86.429,7.77,3.6649,0.2957,0.0015896600000000001,tf_exit,,1778871610717,1
2026-05-16 17:00:09.659,SUI/USDT,long,1.0675,1.0625,5.3,-0.4684,-0.028,-0.00053312,cancel_tf,,1778922011703,0
2026-05-16 18:00:09.385,ICP/USDT,short,3.227,2.666,4.24,17.3846,0.8908,0.00361266,tf_exit,,1778673611728,1
2026-05-16 20:00:10.351,INJ/USDT,long,4.758,4.723,4.72,-0.7356,-0.033,0.0005,div_exit,,1778954410955,0
2026-05-16 20:00:11.112,FET/USDT,short,0.2118,0.1973,9.65,6.8461,0.7271,-0.00117915,div_exit,,1778832012587,2
2026-05-16 21:00:10.404,APT/USDT,short,0.9529,0.9503,5.13,0.2729,0.0138,0.0005,tf_exit,,1778958010516,0
2026-05-16 21:00:11.177,MANA/USDT,short,0.0882,0.09,8.8,-2.0408,-0.1527,0.00087933,div_exit,,1778932811753,2
2026-05-16 22:00:12.472,ARB/USDT,short,0.1201,0.1199,6.6,0.1665,0.018,0.0007,zone_exit,,1778958011261,0
2026-05-17 00:00:10.185,SHIB/USDT,short,5.872e-06,5.862e-06,5.19,0.1703,0.0114,0.0005,div_exit,,1778968813897,0
2026-05-17 00:00:10.935,UNI/USDT,long,3.502,3.481,6.96,-0.5997,-0.0379,-0.00070047,sl_hit,,1778943611607,0
2026-05-17 03:00:09.553,DOGE/USDT,short,0.10892,0.10861,8.47,0.2846,0.0249,0.00170804,div_exit,,1778943610895,2
2026-05-17 03:00:10.279,LINK/USDT,short,10.071,9.641,10.6,4.2697,0.473,0.00390173,div_exit,,1778886011347,0
2026-05-17 03:00:11.153,APT/USDT,short,0.9496,0.9366,11.14,1.369,0.1583,-0.00020247,div_exit,,1778968814604,0
2026-05-17 03:00:11.870,OP/USDT,short,0.1332,0.1323,10.29,0.6757,0.0701,0.00103473,div_exit,,1778965213464,2
2026-05-17 06:00:09.793,DOGE/USDT,short,0.10911,0.10994,13.08,-0.7607,-0.0964,0.0008,zone_exit,,1778990414244,2
2026-05-17 06:00:10.551,ICP/USDT,short,2.599,2.624,5.98,-0.9619,-0.0571,0.00059052,tf_exit,,1778965212727,1
2026-05-17 06:00:11.378,MANA/USDT,short,0.0889,0.0897,6.36,-0.8999,-0.0523,0.0006,div_exit,,1778986814482,2
2026-05-17 07:00:15.145,NEAR/USDT,short,1.4871,1.529,6.11,-2.8176,-0.1673,0.0006,tf_exit,,1778986812912,1
2026-05-17 07:00:15.957,SEI/USDT,short,0.0619,0.0633,5.93,-2.2617,-0.113,0.0002,div_exit,,1778986813661,0
2026-05-17 08:00:14.613,ICP/USDT,short,2.607,2.625,7.69,-0.6904,-0.0556,0.0008,tf_exit,,1779001217874,1
2026-05-17 08:00:15.465,ENA/USDT,short,0.1065,0.1077,7.59,-1.1268,-0.0775,0.0004,sl_hit,,1778990414989,2
2026-05-18 01:00:00.151,BNB/USDT,short,653.61,646.12,12.92,1.1459,0.1478,0.00081804,zone_exit,,1779058800397,1
2026-05-18 14:00:00.123,XRP/USDT,short,1.3925,1.385,6.92,0.5386,0.0348,0.00033258,div_exit,,1779076800514,0
2026-05-18 17:00:00.134,TRX/USDT,long,0.35712,0.35545,13.86,-0.4676,-0.0651,0.00023477,div_exit,,1779109200502,0
2026-05-19 04:00:00.229,BNB/USDT,short,641.71,642.65,12.85,-0.1465,-0.0206,0.0006,cancel_tf,,1779159600427,1
2026-05-19 11:00:00.213,BNB/USDT,short,642.1,639.9,12.79,0.3426,0.0433,0.0006,zone_exit,,1779181200546,1
2026-05-20 08:00:00.191,XRP/USDT,short,1.3757,1.3675,5.47,0.5961,0.0323,0.0010035,div_exit,,1779199200493,0
2026-05-20 13:00:00.122,BNB/USDT,long,642.47,644.8,12.89,0.3627,0.047,-0.00101632,regime_change,,1779256800670,1
2026-05-21 00:00:00.134,BNB/USDT,long,647.92,649.14,12.98,0.1883,0.0252,-0.00083022,div_exit,,1779289200576,2
2026-05-21 09:00:00.174,TRX/USDT,long,0.35604,0.3596,14.02,0.9999,0.1382,-0.0010299699999999998,div_exit,,1779231600598,0
2026-05-21 23:00:00.128,TRX/USDT,long,0.36193,0.36504,12.04,0.8593,0.1029,-0.00061123,not_operable,,1779375600394,0
2026-05-23 00:00:00.188,POL/USDT,long,0.09154,0.09025,14.33,-1.4092,-0.1984,0.0007,sl_hit,,1779487200374,2
2026-05-25 08:00:00.254,BNB/USDT,long,656.91,661.78,13.23,0.7413,0.098,0.0004,zone_exit,,1779678000430,2
2026-05-25 10:00:00.190,POL/USDT,short,0.09207,0.09203,12.68,0.0434,0.0069,0.0006,zone_exit,,1779699600579,2
2026-05-27 14:00:00.204,BNB/USDT,short,652.65,652.14,13.04,0.0781,0.0096,-0.00011758,div_exit,,1779865200543,2
2026-05-28 18:00:00.185,XRP/USDT,short,1.3068,1.3253,14.57,-1.4157,-0.2025,0.00063937,not_operable,,1779926400495,1
2026-05-29 16:00:00.120,POL/USDT,short,0.08768,0.08877,14.66,-1.2432,-0.1752,0.00072479,sl_hit,,1780056000389,1
2026-05-29 22:00:00.276,ONDO/USDT,long,0.3622,0.3568,8.25,-1.4909,-0.1138,0.0004,tf_exit,,1780088400590,0
2026-05-30 04:00:00.226,ONDO/USDT,long,0.3546,0.3487,8.96,-1.6638,-0.1436,0.0005,tf_exit,,1780110000531,0
2026-05-30 12:00:00.412,ONDO/USDT,long,0.3466,0.3476,10.11,0.2885,0.0407,0.0005,cancel_tf,,1780138800783,0
2026-05-30 15:00:00.395,BNB/USDT,long,658.91,686.63,13.73,4.2069,0.5546,0.00026916,regime_change,,1780117200479,2
2026-05-30 23:00:00.204,POL/USDT,long,0.09039,0.08972,13.7,-0.7412,-0.0977,0.0007,sl_hit,,1780178400387,2
2026-05-31 02:00:00.151,BNB/USDT,long,694.36,727.98,14.55,4.8419,0.6726,0.00572864,zone_exit,,1780156800418,1
2026-05-31 13:00:00.119,POL/USDT,long,0.0903,0.09091,13.68,0.6755,0.0963,-0.0020482,div_exit,,1780189200356,2
2026-06-01 01:00:00.182,ONDO/USDT,short,0.3564,0.3704,6.17,-3.9282,-0.2287,0.00090258,sl_hit,,1780239600506,0
2026-06-01 08:00:00.201,BNB/USDT,long,710.34,686.18,6.86,-3.4012,-0.2421,0.0002842,sl_hit,,1780261200524,1
2026-06-02 01:00:00.161,POL/USDT,long,0.09372,0.09308,14.41,-0.6829,-0.0967,-0.00145486,sl_hit,,1780340400527,1
2026-06-04 03:00:00.206,BTC/USDT,short,65433.7,63187.3,12.63,3.4331,0.4504,0.00126947,div_exit,,1780516800449,0
2026-06-04 15:00:00.193,BTC/USDT,short,63926.8,63925.5,12.78,0.002,-0.0012,0.00041957,div_exit,,1780552800530,0
2026-06-04 19:00:00.295,XRP/USDT,short,1.2055,1.179,12.96,2.1983,0.2915,0.0015768499999999999,div_exit,,1780527600556,0
2026-06-05 03:00:00.174,BTC/USDT,short,63532.9,62587.5,12.51,1.488,0.1884,0.00047252,zone_exit,,1780592400514,0
2026-06-06 03:00:00.260,BNB/USDT,long,576.52,576.24,11.52,-0.0486,-0.0024,0.0012,zone_exit,,1780707600670,1
2026-06-06 04:59:59.905,DOGE/USDT,long,0.08274,0.07862,13.05,-4.9795,-0.6564,0.0,sl_trigger_exchange_side,exchange_side_close_backfilled,1780707601767,1
2026-06-06 16:00:00.173,XRP/USDT,short,1.1185,1.0956,14.24,2.0474,0.3003,0.0033181400000000002,div_exit,,1780650000557,0
2026-06-07 04:00:00.125,XRP/USDT,short,1.0798,1.1177,14.53,-3.5099,-0.4927,-0.00058242,div_exit,,1780776000670,0
2026-06-08 07:00:00.206,XRP/USDT,long,1.1563,1.14,13.68,-1.4097,-0.193,0.0008,div_exit,,1780884000612,0
2026-06-08 16:00:00.192,BNB/USDT,long,593.9,604.05,12.07,1.709,0.2,-0.00240089,zone_exit,,1780869600534,1
2026-06-09 11:00:00.238,XRP/USDT,long,1.1719,1.1585,12.74,-1.1434,-0.1474,-0.00029737000000000003,div_exit,,1780930800555,0
2026-06-10 09:00:00.167,BTC/USDT,short,61517.6,61230.4,12.24,0.4669,0.0605,0.0011781,div_exit,,1781017200498,0
2026-06-10 09:00:00.911,TRX/USDT,short,0.32094,0.32183,13.19,-0.2773,-0.0391,-0.00223391,div_exit,,1781067600776,0
2026-06-10 13:00:00.278,TAO/USDT,long,203.73,208.15,7.51,2.1695,0.1596,0.0004,div_exit,,1781092800686,1
2026-06-10 13:00:01.131,ONDO/USDT,short,0.3444,0.3492,5.6,-1.3937,-0.0732,7.115e-05,sl_hit,,1781089200655,1
2026-06-10 15:00:00.447,BNB/USDT,short,584.66,592.88,11.85,-1.4059,-0.1642,0.0002,div_exit,,1781082002616,2
2026-06-10 19:00:00.472,ONDO/USDT,short,0.3426,0.3388,6.47,1.1092,0.074,0.0003,zone_exit,,1781114400789,1
2026-06-10 21:00:00.206,TAO/USDT,long,205.01,201.31,5.62,-1.8048,-0.0996,-0.0002821,div_exit,,1781118001891,1
2026-06-10 23:00:00.211,TAO/USDT,long,198.53,199.48,10.75,0.4785,0.0559,0.0004,div_exit,,1781128800494,1
2026-06-11 06:00:00.181,ONDO/USDT,long,0.333,0.343,9.95,3.003,0.293,-0.00040131,tf_exit,,1781136001853,1
2026-06-11 11:00:00.144,XRP/USDT,short,1.1285,1.1211,13.45,0.6557,0.084,0.0038048500000000002,zone_exit,,1781056801002,0
2026-06-11 13:00:00.194,ONDO/USDT,long,0.3501,0.3455,10.25,-1.3139,-0.126,-0.00051699,tf_exit,,1781168400987,1
2026-06-11 17:00:00.270,ONDO/USDT,long,0.3545,0.3463,9.2,-2.3131,-0.2107,-0.00046468,tf_exit,,1781186400510,1
2026-06-11 21:00:00.159,ONDO/USDT,long,0.36,0.3593,9.07,-0.1944,-0.0126,-0.00045785,tf_exit,,1781200800653,1
2026-06-12 01:00:00.328,RENDER/USDT,short,1.628,1.636,10.6,-0.4914,-0.0579,0.0005,tf_exit,,1781222400543,2
2026-06-12 02:00:00.242,POL/USDT,long,0.07502,0.07394,10.07,-1.4396,-0.1439,-0.0003,sl_hit,,1781226001294,2
2026-06-12 04:00:00.199,ONDO/USDT,long,0.3668,0.3638,8.02,-0.8179,-0.0657,0.0004,tf_exit,,1781233200752,1
2026-06-12 06:00:00.239,ONDO/USDT,long,0.3652,0.3583,8.72,-1.8894,-0.163,0.0004,sl_hit,,1781240400548,1
2026-06-12 08:00:00.218,RENDER/USDT,short,1.607,1.624,9.09,-1.0579,-0.0951,0.0004,cancel_tf,,1781247600323,2
2026-06-12 10:00:00.194,ONDO/USDT,long,0.3615,0.3669,9.19,1.4938,0.1403,0.0004,zone_exit,,1781254800662,1
2026-06-12 15:00:00.145,TAO/USDT,long,200.7,216.6,10.72,7.9223,0.7854,-0.00395024,direction_reversal,,1781136000679,
2026-06-12 16:00:00.197,TAO/USDT,short,216.6,212.21,12.24,2.0268,0.2545,0.0006,div_exit,,1781276401430,1
2026-06-12 17:00:00.177,ONDO/USDT,short,0.3659,0.3678,9.49,-0.5193,-0.0465,0.00093633,not_operable,,1781265600448,
2026-06-13 05:00:00.153,TAO/USDT,short,214.11,217.16,13.2,-1.4245,-0.1847,0.00094371,div_exit,,1781283601131,1
2026-06-13 06:00:00.144,POL/USDT,long,0.07495,0.07444,13.76,-0.6805,-0.0887,-0.00069494,div_exit,,1781319600587,2
2026-06-13 11:00:00.151,VET/USDT,long,0.005132,0.005099,12.95,-0.643,-0.0889,-0.00130836,zone_exit,,1781334000755,2
2026-06-13 13:00:00.244,FET/USDT,long,0.1988,0.2029,8.32,2.0624,0.1739,0.0008,zone_exit,,1781352000313,2
2026-06-13 17:00:00.167,POL/USDT,long,0.07481,0.07549,14.18,0.909,0.1322,-0.00071084,div_exit,,1781355601045,2
2026-06-14 13:00:00.114,POL/USDT,long,0.07497,0.075,14.47,0.04,0.0069,0.00081247,tf_exit,,1781434800537,2
2026-06-14 18:00:00.203,POL/USDT,long,0.07543,0.0748,13.01,-0.8352,-0.1079,-0.0009,tf_exit,,1781456400752,2
2026-06-14 19:00:00.125,SOL/USDT,short,67.208,67.364,14.82,-0.2321,-0.0357,-0.00074147,not_operable,,1781449201171,0
2026-06-15 01:00:02.339,BTC/USDT,long,65705.1,65591.1,13.11,-0.1735,-0.0236,-0.0012,div_exit,,1781481600651,0
2026-06-15 01:00:03.328,DOGE/USDT,long,0.08885,0.0888,13.58,-0.0563,-0.0107,0.0011,div_exit,,1781481601436,0
2026-06-15 01:00:04.135,ETC/USDT,long,7.215,7.161,13.46,-0.7484,-0.0984,-0.0021,div_exit,,1781481603679,1
2026-06-15 05:00:00.222,BTC/USDT,long,65430.4,65606.8,6.56,0.2696,0.0179,-0.0007,div_exit,,1781492401026,0
2026-06-15 05:00:01.079,ETC/USDT,long,7.28,7.242,10.64,-0.522,-0.0529,0.0011,div_exit,,1781492402759,1
2026-06-15 07:00:00.181,TAO/USDT,long,264.74,281.16,5.4,6.2023,0.3176,-0.0005248399999999999,zone_exit,,1781470800434,0
2026-06-15 07:00:01.051,RENDER/USDT,long,1.804,1.83,11.22,1.4412,0.1651,-0.00055936,zone_exit,,1781481604549,2
2026-06-15 14:00:00.241,BCH/USDT,long,210.82,228.23,9.13,8.2582,0.6976,0.00020358,not_operable,,1781492401831,0
2026-06-15 14:00:01.146,DOGE/USDT,long,0.08916,0.09027,9.2,1.245,0.1146,0.0009,div_exit,,1781521201084,0
2026-06-15 15:00:00.254,ETC/USDT,long,7.429,7.468,7.84,0.525,0.0494,0.0008,div_exit,,1781528401025,1
2026-06-15 17:00:01.042,XRP/USDT,long,1.1828,1.2788,14.07,8.1163,1.0691,-0.00145136,zone_exit,,1781488802101,0
2026-06-15 17:00:02.048,DOGE/USDT,long,0.09062,0.09002,7.92,-0.6621,-0.0523,0.0008,div_exit,,1781539200848,0
2026-06-15 18:00:00.287,SEI/USDT,long,0.05577,0.05535,7.91,-0.7531,-0.06,0.0008,sl_hit,,1781539204226,2
2026-06-15 21:00:00.257,ETC/USDT,long,7.531,7.444,7.96,-1.1552,-0.0931,0.0008,not_operable,,1781539202049,1
2026-06-15 21:00:01.031,ONDO/USDT,long,0.3785,0.3736,5.21,-1.2946,-0.0699,-0.0008012,not_operable,,1781514001001,0
2026-06-15 23:00:00.391,BNB/USDT,short,605.48,615.53,12.31,-1.6598,-0.2008,0.00493769,zone_exit,,1781449200448,2
2026-06-15 23:00:02.195,FET/USDT,long,0.2212,0.20758,0.0,-6.1573,0.0,0.0,sl_trigger_exchange_side,exchange_side_close_estimated,1781524800987,0
2026-06-16 00:00:00.177,BTC/USDT,long,65823.6,66288.3,6.62,0.706,0.0466,0.00131317,div_exit,,1781503201488,0
2026-06-16 04:00:00.438,BTC/USDT,long,66312.6,66123.1,13.22,-0.2858,-0.0375,-0.0004,div_exit,,1781575200953,0
2026-06-16 14:00:00.435,POL/USDT,long,0.07909,0.07817,10.4,-1.1632,-0.1198,0.0005,sl_hit,,1781611200804,1
2026-06-16 15:00:00.140,BCH/USDT,long,224.15,215.75,4.31,-3.7475,-0.1674,-0.00048059999999999997,sl_emergency,,1781564401722,0
2026-06-16 15:00:00.879,VET/USDT,long,0.005331,0.005144,9.56,-3.5078,-0.346,-0.00194971,sl_hit,,1781550002781,2
2026-06-16 20:00:00.125,BTC/USDT,long,66024.8,65651.9,13.12,-0.5648,-0.0764,-5.416000000000001e-05,zone_exit,,1781589600827,0
2026-06-16 22:00:00.135,SOL/USDT,long,75.253,73.895,12.56,-1.8046,-0.2295,-0.00106229,zone_exit,,1781550001029,0
2026-06-17 03:00:00.169,TAO/USDT,short,266.75,259.77,7.89,2.6167,0.2106,0.00156078,div_exit,,1781607600940,0
2026-06-17 04:00:00.410,ETC/USDT,long,7.497,7.443,11.9,-0.7203,-0.0906,0.0012,div_exit,,1781665202525,1
2026-06-17 05:00:00.204,BCH/USDT,long,214.64,214.75,8.58,0.0512,0.0019,-0.0011,zone_exit,,1781658000702,0
2026-06-17 07:00:00.117,VET/USDT,long,0.005225,0.005163,13.28,-1.1866,-0.1569,-0.0013395,tf_exit,,1781643600783,2
2026-06-17 13:00:00.129,POL/USDT,short,0.07684,0.07751,14.22,-0.8719,-0.1249,0.0007026,sl_hit,,1781690400569,2
2026-06-18 17:00:00.232,POL/USDT,short,0.07502,0.07613,14.28,-1.4796,-0.2028,0.0007,div_exit,,1781798400572,2
2026-06-19 01:00:00.165,POL/USDT,short,0.07752,0.07867,12.43,-1.4835,-0.1692,0.00061496,sl_hit,,1781823600711,2
2026-06-19 04:00:00.195,XLM/USDT,long,0.22851,0.22597,7.23,-1.1115,-0.078,-0.00388079,tf_exit,,1781665201717,2
2026-06-19 10:00:00.195,POL/USDT,long,0.07766,0.07715,13.65,-0.6567,-0.0849,0.0007,tf_exit,,1781856000518,2
2026-06-20 00:00:00.365,TAO/USDT,long,224.73,228.53,11.73,1.6909,0.2011,0.0006,zone_exit,,1781902800632,0
2026-06-20 04:00:00.142,DOGE/USDT,short,0.08284,0.08323,14.06,-0.4708,-0.066,0.00199302,div_exit,,1781841601423,0
2026-06-20 07:00:00.126,TAO/USDT,short,227.79,232.27,11.29,-1.9667,-0.2221,0.00040947,div_exit,,1781917200547,0
2026-06-20 12:00:00.170,POL/USDT,long,0.07856,0.08187,14.31,4.2133,0.5839,-0.00310651,sl_hit,,1781877600827,2
2026-06-20 19:00:00.202,DOGE/USDT,short,0.08345,0.08317,13.54,0.3355,0.0563,0.001,div_exit,,1781974800524,0
2026-06-21 00:00:00.192,XLM/USDT,long,0.21252,0.21604,13.18,1.6563,0.219,-0.0001,div_exit,,1781985600248,1
2026-06-21 05:00:00.263,TRX/USDT,long,0.32665,0.32588,13.03,-0.2357,-0.0292,-0.0012,zone_exit,,1782007200497,0
2026-06-21 05:00:00.782,TAO/USDT,short,230.32,238.548,0.0,-3.5724,0.0,0.0,sl_trigger_exchange_side,exchange_side_close_estimated,1782003600549,0
2026-06-21 07:00:00.279,DOGE/USDT,short,0.08366,0.08337,13.67,0.3466,0.0486,0.0004,div_exit,,1782000001048,0
